ticker,name,sector,industry,price_usd,change_pct,pe_ratio,div_yield_pct,mkt_cap_usd,52w_high,52w_low,52w_position,analyst_rating,beta,revenue_bn,profit_margin,price_to_book,debt_to_equity,roe_pct,earnings_growth
MMM,3M Company,Industrials,Conglomerates,168.9,-0.38,30.0,184.0,87105519616,184.9,139.34,64.9,Buy,1.07,25.2,11.9,29.51,437.94,81.89,32.8
AOS,A.O. Smithoration,Industrials,Specialty Industrial Machinery,58.16,-0.84,16.2,246.0,7904456192,81.87,54.16,14.4,Hold,1.15,3.8,13.1,4.29,36.77,27.13,-15.0
ABT,Abbott Laboratories,Healthcare,Medical Devices,100.9,-0.39,32.7,249.0,174595686400,135.45,81.97,35.4,Buy,0.59,46.6,11.6,3.42,63.21,10.58,-47.5
ABBV,AbbVie,Healthcare,Drug Manufacturers - General,266.02,0.64,74.9,262.0,470097362944,269.39,190.75,95.7,Buy,0.28,64.4,9.8,,,,290.4
ACN,Accenture plc,Technology,Information Technology Services,173.25,-1.62,13.8,370.0,106018963456,291.09,118.15,31.9,Buy,1.09,73.1,10.7,3.32,25.04,24.41,9.0
ADBE,Adobe,Technology,Software - Application,230.63,-2.06,12.9,0.0,91675426816,363.7,190.12,23.3,Hold,1.42,26.0,28.0,7.67,57.69,61.9,10.5
AMD,"Advanced Micro Devices,",Technology,Semiconductors,597.51,-5.25,152.9,0.0,975704227840,639.0,159.33,91.4,Buy,2.48,41.3,15.6,14.51,6.36,10.2,159.5
AES,The AESoration,Utilities,Utilities - Diversified,14.88,0.07,5.6,473.0,10615967744,17.65,12.97,40.8,Hold,0.95,13.1,14.3,2.15,256.89,9.57,19.9
AFL,AFLACorporated,Financial Services,Insurance - Life,113.78,0.05,12.3,215.0,57040334848,130.22,105.43,33.7,Hold,0.58,18.1,26.9,1.89,53.37,16.91,46.8
A,"Agilent Technologies,",Healthcare,Diagnostics & Research,173.97,0.68,34.4,59.0,49053593600,174.77,108.35,98.8,Buy,1.24,7.4,19.5,6.66,56.34,20.97,8.5
APD,"Air Products and Chemicals,",Basic Materials,Specialty Chemicals,279.53,-0.79,19.4,257.0,62247288832,314.87,229.11,58.8,Buy,0.75,12.6,-0.4,4.48,110.09,0.02,4.6
ABNB,"Airbnb,",Consumer Cyclical,Travel Services,156.98,-0.31,35.8,0.0,93997367296,193.453,110.81,55.9,Buy,1.16,13.2,20.4,11.88,32.0,34.54,33.4
AKAM,"Akamai Technologies,",Technology,Software - Infrastructure,111.25,-2.36,40.3,0.0,15989161984,165.45,70.82,42.7,Buy,0.64,4.3,9.5,3.36,196.67,8.92,-26.8
ALB,Albemarleoration,Basic Materials,Specialty Chemicals,107.86,-1.7,399.5,149.0,12728025088,221.0,79.3,20.2,Buy,1.33,5.9,3.8,1.58,18.98,2.65,31.1
ARE,Alexandria Real Estate Equities,Real Estate,REIT - Office,48.98,-1.89,,577.0,8430087168,85.37,39.41,20.8,Hold,1.17,2.8,-36.1,0.54,68.67,-4.08,-11.9
ALGN,"Align Technology,",Healthcare,Medical Instruments & Supplies,145.23,-1.06,25.3,0.0,10317118464,200.44,123.02,28.7,Buy,1.64,4.1,10.0,2.44,2.85,10.15,-12.1
ALLE,Allegion plc,Industrials,Security & Protection Services,153.93,-0.35,20.2,142.0,13089711104,183.11,125.0,49.8,Buy,0.84,4.3,15.4,6.18,104.89,33.73,16.2
LNT,Alliant Energyoration,Utilities,Utilities - Regulated Electric,63.25,-0.55,20.0,336.0,16399757312,78.81,62.7,3.4,Buy,0.53,4.4,18.4,2.18,160.95,11.13,-4.0
ALL,Allstateoration (The),Financial Services,Insurance - Property & Casualty,228.33,0.32,4.6,190.0,57735057408,277.22,188.08,45.2,Hold,0.15,70.1,19.0,1.83,22.26,46.11,61.2
GOOGL,Alphabet,Communication Services,Internet Content & Information,340.16,-1.09,17.1,26.0,4160134840320,408.61,235.84,60.4,Buy,1.23,445.9,54.8,6.68,18.86,48.68,294.0
GOOG,Alphabet,Communication Services,Internet Content & Information,337.0,-1.2,16.9,26.0,4121488261120,404.47,236.685,59.8,Buy,1.23,445.9,54.8,6.62,18.86,48.68,294.0
MO,"Altria Group,",Consumer Defensive,Tobacco,69.17,0.5,14.6,645.0,115487834112,77.06,54.7,64.7,Hold,0.49,20.4,39.0,,,,-2.7
AMZN,"Amazon.com,",Consumer Cyclical,Internet Retail,246.34,-1.34,19.8,0.0,2657046495232,287.2,196.0,55.2,Buy,1.44,775.7,17.4,4.82,45.62,30.56,242.3
AMCR,Amcor plc,Consumer Cyclical,Packaging & Containers,42.53,0.06,17.9,612.0,19665874944,50.94,36.25,42.8,Buy,0.59,23.5,4.7,1.67,128.29,9.4,25.9
AEE,Amerenoration,Utilities,Utilities - Regulated Electric,99.14,-0.25,17.5,302.0,27447623680,118.32,96.57,11.8,Buy,0.47,8.4,18.6,2.01,157.85,11.94,11.9
AAL,"American Airlines Group,",Industrials,Airlines,13.38,-3.56,6.8,0.0,8855038976,18.79,10.09,37.8,Buy,1.33,58.3,-0.6,,,,-88.2
AEP,American Electric Power Company,Utilities,Utilities - Regulated Electric,117.69,-0.56,20.4,321.0,64070127616,140.58,108.49,28.7,Buy,0.5,22.8,13.8,2.0,160.79,10.13,-43.2
AXP,American Express Company,Financial Services,Credit Services,305.3,-1.16,18.5,123.0,206172078080,387.49,290.97,14.8,Buy,1.05,70.9,16.1,6.01,172.38,34.38,11.0
AIG,"American International Group, I",Financial Services,Insurance - Diversified,73.42,-1.01,13.4,270.0,38390816768,87.29,71.25,13.5,Buy,0.51,26.7,11.1,0.95,22.47,7.22,-10.1
AMT,American Toweroration (REI,Real Estate,REIT - Specialty,167.74,-0.76,23.1,424.0,78160142336,196.08,160.06,21.3,Buy,0.9,10.9,31.1,21.01,438.72,33.91,138.5
AWK,"American Water Works Company, I",Utilities,Utilities - Regulated Water,129.8,-0.85,22.5,273.0,25795022848,145.64,120.57,36.8,Hold,0.58,5.3,21.3,2.21,137.75,10.1,8.6
AMP,"Ameriprise Financial,",Financial Services,Asset Management,492.82,-0.04,11.9,138.0,43532816384,572.56,422.37,46.9,Buy,1.13,19.8,19.9,6.85,67.58,63.43,11.7
AME,"AMETEK,",Industrials,Specialty Industrial Machinery,250.09,-0.26,36.5,54.0,57335943168,261.16,179.24,86.5,Buy,0.99,7.9,20.0,5.09,20.52,14.56,14.2
AMGN,Amgen,Healthcare,Drug Manufacturers - General,415.68,0.26,25.8,243.0,224727203840,447.03,270.67,82.2,Hold,0.43,38.1,23.0,19.23,490.28,91.47,64.9
APH,Amphenoloration,Technology,Electronic Components,82.95,-1.36,41.5,59.0,204551946240,89.26,59.005,79.1,Buy,1.24,29.0,17.7,13.2,120.42,38.12,59.3
ADI,"Analog Devices,",Technology,Semiconductors,389.71,-0.99,46.3,112.0,188840001536,445.91,223.47,74.7,Buy,1.21,13.9,29.8,5.63,27.31,12.23,163.5
ANSS,ANSS,Other,,0.0,0.0,,0.0,0,,,,N/A,,,0.0,,,,0.0
AON,Aon plc,Financial Services,Insurance Brokers,272.52,-1.97,15.0,118.0,57809485824,382.34,271.8,0.7,Buy,0.66,17.6,22.3,6.02,163.48,44.7,-3.0
APA,APAoration,Energy,Oil & Gas E&P,42.98,0.57,9.1,234.0,15059860480,47.44,21.63,82.7,Hold,0.37,8.6,19.6,2.15,48.85,26.66,26.3
AAPL,Apple,Technology,Consumer Electronics,339.49,-0.46,38.9,32.0,4954578223104,345.34,243.42,94.3,Buy,1.08,466.8,27.6,46.13,78.44,148.75,28.7
AMAT,"Applied Materials,",Technology,Semiconductor Equipment & Materials,474.31,-2.2,40.9,44.0,376411193344,739.67,202.87,50.6,Buy,1.6,30.8,30.1,14.69,28.67,41.07,42.8
APTV,Aptiv PLC,Consumer Cyclical,Auto Parts,43.74,-2.34,19.8,0.0,9081882624,88.93,42.99,1.6,Buy,1.33,20.5,1.1,1.04,64.94,5.16,-35.3
ACGL,Arch Capital Group Ltd.,Financial Services,Insurance - Diversified,95.3,0.67,7.5,0.0,32517429248,107.09,82.45,52.1,Buy,0.28,19.2,24.4,1.39,17.84,19.94,-7.1
ADM,Archer-Daniels-Midland Company,Consumer Defensive,Farm Products,81.82,0.86,22.4,256.0,39433932800,88.75,55.58,79.1,Hold,0.61,82.1,2.2,1.67,39.13,7.64,315.6
ANET,"Arista Networks,",Technology,Computer Hardware,204.96,-0.77,65.1,0.0,258494316544,214.89,114.52,90.1,Buy,1.62,10.5,38.4,17.47,,31.48,35.7
AJG,Arthur J. Gallagher & Co.,Financial Services,Insurance Brokers,227.96,-1.36,37.8,121.0,58435493888,313.55,190.75,30.3,Buy,0.51,15.1,10.4,2.46,59.4,6.72,-10.7
AIZ,"Assurant,",Financial Services,Insurance - Property & Casualty,265.06,0.02,12.7,133.0,13073511424,303.94,206.03,60.3,Buy,0.54,13.5,7.9,2.15,36.21,18.34,30.5
T,AT&T,Communication Services,Telecom Services,25.05,-1.31,8.3,437.0,171631706112,29.44,19.89,54.0,Buy,0.43,127.2,16.9,1.56,129.05,18.34,6.2
ATO,Atmos Energyoration,Utilities,Utilities - Regulated Gas,156.9,-0.2,18.7,254.0,26514305024,192.51,155.0,5.1,Hold,0.59,4.9,28.5,1.74,67.66,9.79,23.3
ADSK,"Autodesk,",Technology,Software - Application,206.03,-1.61,26.7,0.0,43060269056,326.2,185.5,14.6,Buy,1.31,7.8,21.1,12.73,109.52,53.85,59.6
ADP,"Automatic Data Processing,",Technology,Software - Application,263.71,0.02,24.1,258.0,104495497216,294.35,188.16,71.1,Hold,0.83,21.9,20.1,17.39,91.44,72.24,9.8
AZO,"AutoZone,",Consumer Cyclical,Auto Parts,2892.47,0.71,19.9,0.0,46779916288,4332.68,2764.88,8.1,Buy,0.34,20.3,12.7,,,,15.0
AVB,"AvalonBay Communities,",Real Estate,REIT - Residential,184.06,0.0,25.2,3.87,26283393024,185.62,57.320084,98.8,Hold,0.77,3.1,33.3,2.17,75.13,8.49,-41.3
AVY,Avery Dennisonoration,Consumer Cyclical,Packaging & Containers,170.75,0.24,18.7,235.0,12940825600,199.54,152.42,38.9,Buy,0.81,9.2,7.6,5.58,158.65,31.16,10.8
AXON,"Axon Enterprise,",Industrials,Aerospace & Defense,426.98,-0.73,177.2,0.0,34686754816,764.02,339.01,20.7,Buy,1.4,3.2,6.2,9.44,50.36,6.22,-18.2
BKR,Baker Hughes Company,Energy,Oil & Gas Equipment & Services,57.78,-0.08,18.6,159.0,57361670144,70.41,43.92,52.3,Buy,0.96,27.7,11.2,2.88,80.92,16.46,-4.2
BALL,Balloration,Consumer Cyclical,Packaging & Containers,56.86,0.05,16.3,141.0,15051033600,68.29,44.83,51.3,Buy,0.95,14.3,6.6,2.62,131.5,17.15,9.2
BAC,Bank of Americaoration,Financial Services,Banks - Diversified,55.92,-1.38,12.9,226.0,391034470400,65.23,46.12,51.3,Buy,1.16,113.9,29.5,1.42,,11.2,34.1
BK,BK,Other,,0.0,0.0,,0.0,0,,,,N/A,,,0.0,,,,0.0
BBWI,"Bath & Body Works,",Consumer Cyclical,Specialty Retail,16.18,-1.67,4.2,486.0,3261612800,27.4,14.28,14.4,Hold,1.37,7.2,10.8,,,,93.3
BAX,Baxter International,Healthcare,Medical Instruments & Supplies,23.48,0.49,11.5,17.0,12141650944,30.0,15.73,54.3,Hold,0.59,11.5,-9.3,1.96,156.45,-14.37,36.8
BDX,"Becton, Dickinson and Company",Healthcare,Medical Instruments & Supplies,182.79,-0.56,31.7,228.0,49789583360,193.07,127.58648,84.3,Buy,0.28,22.5,4.2,2.04,68.84,6.61,-31.4
WRB,W.R. Berkleyoration,Financial Services,Insurance - Property & Casualty,66.93,0.16,13.8,60.0,24846258176,78.96,62.87,25.2,Hold,0.28,14.9,12.9,2.64,31.53,20.21,15.0
BBY,"Best Buy Co.,",Consumer Cyclical,Specialty Retail,89.17,-1.48,14.8,424.0,18701418496,96.53,55.1,82.2,Hold,1.3,42.2,3.0,5.89,130.1,43.13,70.1
BIO,"Bio-Rad Laboratories,",Healthcare,Medical Devices,380.97,-0.01,46.5,0.0,10186442752,396.23,236.73,90.4,Hold,1.07,2.6,8.6,1.42,19.1,3.11,18.7
TECH,Bio-Techne,Healthcare,Biotechnology,72.61,-0.01,62.6,44.0,11385788416,72.69,43.2,99.7,N/A,1.27,1.2,15.0,5.38,13.71,9.03,1.3
BIIB,Biogen,Healthcare,Drug Manufacturers - General,228.54,0.41,40.7,0.0,33767698432,229.19,135.39,99.3,Buy,0.17,10.0,8.3,1.79,44.33,4.58,-84.8
BLK,"BlackRock,",Financial Services,Asset Management,1065.21,-1.94,25.5,211.0,173072072704,1219.94,917.39,48.9,Buy,1.43,27.3,24.1,2.87,23.19,12.28,19.6
BX,Blackstone,Financial Services,Asset Management,115.32,-2.62,25.9,442.0,137841737728,177.23,101.73,18.0,Buy,1.56,15.5,22.7,10.23,68.19,31.37,57.3
BA,Boeing Company (The),Industrials,Aerospace & Defense,188.84,-4.66,68.2,0.0,149257437184,254.35,176.77,15.6,Buy,1.21,94.0,2.6,24.47,790.88,173.54,8.0
BCH,Banco De Chile,Financial Services,Banks - Regional,41.74,-0.7,16.9,520.0,21084790784,46.77,29.71,70.5,N/A,0.07,,45.4,0.74,,21.58,28.6
BKNG,Booking Holdings Common St,Consumer Cyclical,Travel Services,163.79,-0.1,18.2,102.0,123068604416,224.9956,150.14,18.2,Buy,1.07,28.2,25.5,,,,130.0
BWA,BorgWarner,Consumer Cyclical,Auto Parts,61.18,-0.23,30.1,111.0,12460307456,78.82,40.5,54.0,Buy,1.1,14.3,2.9,2.22,70.11,8.06,30.1
BSX,Boston Scientificoration,Healthcare,Medical Devices,43.69,-0.52,17.7,0.0,63316836352,105.65,42.2,2.3,Buy,0.57,21.0,17.5,2.54,50.15,15.34,15.1
BMY,Bristol-Myers Squibb Company,Healthcare,Drug Manufacturers - General,63.17,0.5,13.9,401.0,129048494080,68.64,42.52,79.1,Buy,0.23,49.2,18.9,5.78,201.86,46.6,153.1
AVGO,Broadcom,Technology,Semiconductors,348.94,-1.1,44.6,74.0,1665686568960,495.0,289.96,28.8,Buy,1.46,89.1,42.9,16.71,59.6,44.25,215.3
BR,"Broadridge Financial Solutions,",Technology,Information Technology Services,162.36,-0.86,16.9,266.0,18512578560,238.73,133.83,27.2,Buy,0.91,7.5,15.0,6.52,123.94,40.92,8.4
BRO,"Brown & Brown,",Financial Services,Insurance Brokers,60.52,-0.5,19.3,109.0,20248946688,96.55,53.81,15.7,Hold,0.58,6.7,18.1,1.59,63.98,10.02,7.1
BF-B,Brown Forman,Consumer Defensive,Beverages - Wineries & Distilleries,26.07,-0.34,16.8,353.0,11962591232,31.92,22.61,37.2,Hold,0.33,3.9,18.4,3.01,61.5,18.12,5.7
BLDR,"Builders FirstSource,",Industrials,Building Products & Equipment,57.8,-2.32,62.8,0.0,6218536960,131.5,56.56,1.6,Buy,1.41,14.4,0.7,1.55,130.79,2.51,-8.8
BG,Bunge Limited,Consumer Defensive,Farm Products,109.74,0.68,23.7,264.0,21083152384,134.87,79.11,54.9,Buy,0.66,91.8,1.1,1.32,98.0,7.18,33.0
CDNS,"Cadence Design Systems,",Technology,Software - Application,325.62,-0.16,64.9,0.0,89673465856,416.69,262.75,40.8,Buy,1.14,5.8,23.6,13.08,38.66,23.23,125.4
CZR,"Caesars Entertainment,",Consumer Cyclical,Resorts & Casinos,29.59,0.02,40.9,0.0,6030872576,30.88,17.86,90.1,Hold,1.75,11.6,-4.0,1.79,729.87,-10.38,3.0
CPT,Camden Property Trust,Real Estate,REIT - Residential,97.32,-0.82,32.1,432.0,11263093760,119.81,96.53,3.4,Hold,0.78,1.6,20.6,2.62,125.65,7.89,-75.7
CPB,The Campbell's Company,Consumer Defensive,Packaged Foods,19.88,2.61,15.2,516.0,5927414272,32.22,19.26,4.7,Hold,0.02,9.7,4.1,1.54,179.26,10.05,-7.9
COF,Capital One Financialorati,Financial Services,Credit Services,197.92,-1.14,10.9,160.0,121420922880,259.64,174.24,27.7,Buy,1.02,48.1,21.9,1.18,,9.03,1111.0
CAH,"Cardinal Health,",Healthcare,Medical Distribution,220.82,0.27,30.6,94.0,51132936192,258.3,150.78,65.1,Buy,0.52,254.2,0.7,,,,68.8
KMX,CarMax,Consumer Cyclical,Auto & Truck Dealerships,57.45,0.43,35.7,0.0,8153502720,65.28,30.26,77.7,Hold,1.17,28.2,0.8,1.33,307.79,3.59,-5.2
CCL,Carnivaloration Ltd.,Consumer Cyclical,Travel Services,22.11,-0.61,10.0,202.0,30289790976,34.03,21.45,5.3,Buy,2.31,27.3,11.2,2.34,201.56,26.69,-6.5
CARR,Carrier Globaloration,Industrials,Building Products & Equipment,55.48,-1.58,39.6,170.0,45733552128,76.76,50.24,19.8,Buy,1.3,22.1,5.5,3.48,92.0,8.97,-11.8
CTLT,CTLT,Other,,0.0,0.0,,0.0,0,,,,N/A,,,0.0,,,,0.0
CAT,"Caterpillar,",Industrials,Farm & Heavy Construction Machinery,815.39,-0.75,35.1,79.0,374814310400,1073.46,467.46,57.4,Buy,1.59,74.7,14.5,19.33,232.78,56.97,68.2
CBOE,"Cboe Global Markets,",Financial Services,Financial Data & Stock Exchanges,254.88,-1.22,19.9,133.0,26617899008,371.18,227.15,19.3,Hold,0.41,5.1,26.7,4.74,28.09,26.3,50.2
CBRE,CBRE Group,Real Estate,Real Estate Services,130.36,-3.11,29.8,0.0,37749035008,174.27,121.69,16.5,Buy,1.19,43.7,3.0,4.5,117.79,15.8,-4.2
CDW,CDWoration,Technology,Information Technology Services,130.08,-3.95,15.6,186.0,16262266880,167.0,97.12,47.2,Buy,0.94,23.5,4.6,6.67,263.28,44.01,4.9
CE,Celaneseoration,Basic Materials,Chemicals,46.48,-1.3,7.5,25.0,5101130240,70.7,35.13,31.9,Buy,0.76,9.7,-12.0,1.22,270.2,-22.25,-37.1
COR,"Cencora,",Healthcare,Medical Distribution,304.54,-0.78,22.6,78.0,58114506752,377.54,244.82,45.0,Buy,0.57,332.8,0.8,19.05,446.52,96.87,11.9
CNC,Centeneoration,Healthcare,Healthcare Plans,62.41,0.96,11.7,0.0,30832699392,69.63,31.63,81.0,Buy,1.11,180.3,-2.8,1.37,71.08,-20.36,4.6
CNX,CNX Resourcesoration,Energy,Oil & Gas E&P,32.32,-1.43,5.2,0.0,4781538304,43.62,31.47,7.0,Hold,0.61,2.1,44.4,0.99,49.14,21.25,-47.7
CDAY,CDAY,Other,,0.0,0.0,,0.0,0,,,,N/A,,,0.0,,,,0.0
CF,"CF Industries Holdings,",Basic Materials,Agricultural Inputs,115.97,1.13,8.6,209.0,17549926400,141.96,75.42,60.9,Hold,0.4,7.7,27.1,3.06,40.5,29.87,99.6
CRL,Charles River Laboratories Inte,Healthcare,Diagnostics & Research,292.95,0.04,23.1,0.0,14110976000,303.31,145.47,93.4,Buy,1.41,4.0,-6.0,4.92,105.05,-7.52,-2.7
SCHW,Charles Schwaboration (The,Financial Services,Capital Markets,98.47,-0.56,17.9,129.0,170296328192,114.53,83.96,47.5,Buy,0.75,26.0,38.8,3.87,151.11,20.27,42.6
CHTR,"Charter Communications,",Communication Services,Telecom Services,113.05,0.12,2.9,0.0,14691056640,285.82,110.35,1.5,Hold,0.69,54.4,9.1,0.8,441.58,27.2,16.1
CVX,Chevronoration,Energy,Oil & Gas Integrated,207.59,1.53,20.0,348.0,407199449088,217.78,146.49,85.7,Buy,0.49,209.4,9.8,2.14,18.96,12.23,321.9
CMG,"Chipotle Mexican Grill,",Consumer Cyclical,Restaurants,31.83,1.59,29.5,0.0,40276357120,42.82,28.04,25.6,Buy,0.94,12.4,11.4,18.34,246.35,49.56,-1.3
CB,Chubb Limited,Financial Services,Insurance - Property & Casualty,331.57,-0.54,11.7,122.0,127919669248,365.91,265.3,65.9,Buy,0.38,61.9,18.1,1.7,30.94,14.82,-0.7
CHD,"Church & Dwight Company,",Consumer Defensive,Household & Personal Products,95.34,-1.08,30.6,128.0,22615019520,106.04,81.33,56.7,Buy,0.47,6.2,12.0,5.2,55.85,17.04,9.0
CI,The Cigna Group,Healthcare,Healthcare Plans,271.34,-0.25,11.2,229.0,71699013632,315.47,239.51,41.9,Buy,0.32,282.4,2.3,1.68,74.29,16.76,10.2
CINF,Cincinnati Financialoratio,Financial Services,Insurance - Property & Casualty,162.03,-0.31,7.7,231.0,24868048896,194.81,150.0,26.8,N/A,0.55,14.0,23.8,1.49,5.25,21.48,85.5
CTAS,Cintasoration,Industrials,Specialty Business Services,200.74,0.41,39.5,104.0,80197042176,219.17,161.16,68.2,Buy,0.91,11.6,17.8,15.41,52.1,41.38,13.3
CSCO,"Cisco Systems,",Technology,Communication Equipment,106.58,-0.12,32.0,157.0,420181180416,130.37,66.81,62.6,Buy,0.99,63.3,21.0,8.36,62.02,27.32,52.1
C,"Citigroup,",Financial Services,Banks - Diversified,132.57,-1.27,14.3,200.0,222377803776,147.96,93.66,71.7,Buy,1.1,81.7,21.8,1.16,,8.53,61.0
CFG,"Citizens Financial Group,",Financial Services,Banks - Regional,64.82,-1.08,14.1,281.0,27300679680,75.33,47.955,61.6,Buy,1.0,8.2,26.1,1.14,,8.27,41.3
CLX,Clorox Company (The),Consumer Defensive,Household & Personal Products,81.59,-2.64,17.0,597.0,9866760192,128.9,80.84,1.6,Hold,0.54,6.7,8.7,109.66,2221.43,163.76,-50.1
CME,CME Group,Financial Services,Financial Data & Stock Exchanges,265.19,0.27,22.5,197.0,95356829696,329.16,218.31,42.3,Hold,0.28,6.8,63.4,3.59,14.59,15.8,2.5
CMS,CMS Energyoration,Utilities,Utilities - Regulated Electric,62.82,-0.21,18.9,362.0,19698917376,80.36,62.38,2.4,Buy,0.33,8.8,11.6,2.06,185.6,9.16,-43.9
KO,Coca-Cola Company (The),Consumer Defensive,Beverages - Non-Alcoholic,87.29,-0.59,26.2,241.0,375569514496,92.49,65.35,80.8,Buy,0.34,50.1,28.6,10.39,115.52,42.05,16.9
CTSH,Cognizant Technology Solutions ,Technology,Information Technology Services,56.28,-1.83,12.1,230.0,25351000064,87.03,37.08,38.4,Buy,0.83,21.6,10.3,1.76,14.48,14.92,3.8
CL,Colgate-Palmolive Company,Consumer Defensive,Household & Personal Products,86.13,0.08,33.9,246.0,68660490240,99.33,74.55,46.7,Buy,0.32,21.0,9.7,290.98,1388.16,267.37,-5.5
CMCSA,Comcastoration,Communication Services,Telecom Services,21.8,-0.5,7.0,602.0,77360275456,32.86,21.28,4.5,Hold,0.66,124.9,9.0,0.86,100.47,11.49,-66.8
CMA,CMA,Other,,0.0,0.0,,0.0,0,,,,N/A,,,0.0,,,,0.0
CAG,"ConAgra Brands,",Consumer Defensive,Packaged Foods,14.34,0.1,9.2,489.0,6860238336,20.32,12.53,23.2,Hold,-0.03,11.3,-17.0,1.08,117.58,-25.06,3.6
COP,ConocoPhillips,Energy,Oil & Gas E&P,127.47,0.14,16.9,264.0,153140494336,141.62,85.57,74.8,Buy,0.13,64.5,14.4,2.34,35.64,14.18,107.0
ED,"Consolidated Edison,",Utilities,Utilities - Regulated Electric,103.17,0.07,16.9,341.0,38155218944,116.23,94.96,38.6,Hold,0.26,17.7,12.5,1.48,110.11,8.96,22.1
STZ,"Constellation Brands,",Consumer Defensive,Beverages - Brewers,113.07,-0.49,10.8,363.0,19312848896,168.6,111.92,2.0,Buy,0.4,9.1,20.1,2.35,123.2,23.69,30.7
CEG,Constellation Energyoratio,Utilities,Utilities - Independent Power Producers,258.75,-1.71,25.3,65.0,91678810112,412.7,228.63,16.4,Buy,1.12,31.3,11.1,2.88,76.42,15.06,-46.8
COO,"The Cooper Companies,",Healthcare,Medical Instruments & Supplies,55.9,0.93,19.2,0.0,10628729856,89.83,51.01,12.6,Buy,0.82,4.2,13.5,1.28,33.63,6.84,357.1
CPRT,"Copart,",Industrials,Specialty Business Services,27.39,-0.71,17.7,0.0,25362606080,45.89,26.81,3.1,Buy,1.03,4.7,31.8,2.79,0.97,16.16,-14.6
GLW,Corningorporated,Technology,Electronic Components,149.76,-4.45,69.3,71.0,129001512960,271.78,77.39,37.2,Buy,1.15,17.0,11.2,10.8,71.45,16.81,18.5
CPAY,"Corpay,",Technology,Software - Infrastructure,395.87,-0.56,24.1,0.0,25992665088,427.46,252.84,81.9,Buy,0.87,5.0,22.7,7.34,275.29,29.22,-7.0
CTVA,"Corteva,",Basic Materials,Agricultural Inputs,78.5,-0.02,47.6,92.0,52378222592,90.97,60.535,59.0,Buy,0.58,17.8,5.7,2.08,19.19,4.26,-9.9
CSGP,"CoStar Group,",Real Estate,Real Estate Services,27.03,-3.77,150.2,0.0,10952491008,85.24,25.89,1.9,Buy,0.75,3.6,2.1,1.38,14.54,0.89,1261.0
COST,Costco Wholesaleoration,Consumer Defensive,Discount Stores,929.41,0.72,44.8,64.0,411975876608,1096.5,844.06,33.8,Buy,0.85,303.2,3.0,11.51,23.95,28.4,15.0
CTRA,CTRA,Other,,0.0,0.0,,0.0,0,,,,N/A,,,0.0,,,,0.0
CCI,Crown Castle,Real Estate,REIT - Specialty,66.83,-1.49,27.3,626.0,29204711424,100.5,66.825,0.0,Buy,0.97,4.2,20.7,,,,-67.5
CSX,CSXoration,Industrials,Railroads,46.85,0.16,27.2,120.0,86797713408,53.6,33.63,66.2,Buy,1.21,14.5,22.2,6.16,138.07,24.36,22.7
CMI,Cummins,Industrials,Specialty Industrial Machinery,516.85,-1.56,26.4,168.0,71151902720,737.76,400.72,34.5,Buy,1.23,34.7,7.8,5.54,59.59,21.11,4.7
CVS,CVS Healthoration,Healthcare,Healthcare Plans,89.15,0.02,23.5,298.0,114020212736,110.68,69.51,47.7,Buy,0.58,412.6,1.2,1.43,95.5,6.21,188.8
DHI,"D.R. Horton,",Consumer Cyclical,Residential Construction,140.5,-0.71,13.4,127.0,39298031616,176.22,131.75,19.7,Hold,1.37,33.4,9.2,1.66,29.45,12.63,-4.8
DHR,Danaheroration,Healthcare,Diagnostics & Research,224.69,0.09,40.1,71.0,157957455872,242.8,160.93,77.9,Buy,0.81,25.1,15.9,3.0,52.97,7.61,59.7
DRI,"Darden Restaurants,",Consumer Cyclical,Restaurants,197.45,-1.15,18.9,324.0,22418821120,229.76,169.0,46.8,Buy,0.59,13.4,8.8,10.2,414.39,55.43,-6.7
DVA,DaVita,Healthcare,Medical Care Facilities,182.03,1.99,15.4,0.0,11613392896,247.49,101.0,55.3,Buy,0.83,14.0,6.0,,1241.99,88.48,55.8
DAY,DAY,Other,,0.0,0.0,,0.0,0,,,,N/A,,,0.0,,,,0.0
DECK,Deckers Outdoororation,Consumer Cyclical,Footwear & Accessories,78.52,-0.19,11.2,0.0,10693257216,122.29,77.37,2.6,N/A,1.15,5.5,18.4,4.66,20.52,42.56,1.1
DE,Deere & Company,Industrials,Farm & Heavy Construction Machinery,685.36,-0.74,38.0,94.0,184790466560,721.22,433.0,87.6,Buy,0.91,47.9,10.2,6.6,230.3,18.24,7.4
DAL,"Delta Air Lines,",Industrials,Airlines,82.52,-2.85,13.7,101.0,54267052032,95.68,55.03,67.6,Buy,1.29,68.3,5.8,2.47,96.65,20.12,-25.4
DVN,Devon Energyoration,Energy,Oil & Gas E&P,47.31,0.55,10.3,272.0,52041003008,52.71,31.47,74.6,Buy,0.43,18.8,17.5,1.3,28.49,11.52,44.0
DXCM,"DexCom,",Healthcare,Medical Devices,86.77,0.17,34.3,0.0,32743591936,92.59,54.11,84.9,Buy,1.42,5.0,20.1,12.49,53.35,38.49,43.6
FANG,"Diamondback Energy,",Energy,Oil & Gas E&P,186.91,0.13,35.6,236.0,52339896320,216.9,137.03,62.5,Buy,0.41,16.2,9.0,1.38,28.68,3.49,179.5
DLR,"Digital Realty Trust,",Real Estate,REIT - Specialty,178.59,-0.01,87.1,273.0,67447001088,208.14,146.23,52.3,Buy,1.04,6.8,11.8,2.47,67.94,2.91,-58.7
DFS,DFS,Other,,0.0,0.0,,0.0,0,,,,N/A,,,0.0,,,,0.0
DG,Dollar Generaloration,Consumer Defensive,Discount Stores,125.14,0.24,16.3,189.0,27607984128,158.23,95.11,47.6,Buy,0.23,43.6,3.9,2.97,169.81,19.69,33.3
DLTR,"Dollar Tree,",Consumer Defensive,Discount Stores,116.63,2.24,14.3,0.0,21883322368,142.4,84.71,55.3,Hold,0.66,20.1,8.0,6.39,223.94,46.03,197.2
D,"Dominion Energy,",Utilities,Utilities - Regulated Electric,60.16,-0.85,20.8,440.0,52916678656,72.99,55.85,25.2,Buy,0.62,18.1,14.0,1.9,160.46,8.28,-58.0
DPZ,Domino's Pizza,Consumer Cyclical,Restaurants,291.22,-0.31,16.5,272.0,9634063360,442.35,282.0,5.7,Buy,0.95,5.0,11.9,,,,6.8
DOV,Doveroration,Industrials,Specialty Industrial Machinery,190.96,-0.48,23.1,109.0,25718536192,237.54,158.97,40.7,Buy,1.15,8.4,13.5,3.34,42.32,14.91,14.1
DOW,Dow,Basic Materials,Chemicals,28.27,0.91,16.1,500.0,20424183808,42.74,20.65,34.5,Buy,0.42,41.3,-3.1,1.29,111.91,-5.54,19.7
DHR,Danaheroration,Healthcare,Diagnostics & Research,224.69,0.09,40.1,71.0,157957455872,242.8,160.93,77.9,Buy,0.81,25.1,15.9,3.0,52.97,7.61,59.7
DTE,DTE Energy Company,Utilities,Utilities - Regulated Electric,121.03,-0.34,19.2,384.0,25184899072,155.75,120.24,2.2,Buy,0.39,16.5,8.0,2.07,229.06,11.03,22.4
DUK,Duke Energyoration (Holdin,Utilities,Utilities - Regulated Electric,113.11,-0.21,17.0,383.0,88192114688,134.49,112.52,2.7,Buy,0.36,32.8,16.0,1.64,162.16,9.86,10.6
DD,"DuPont de Nemours,",Basic Materials,Specialty Chemicals,130.49,-0.93,56.0,182.0,17621082112,157.98,92.48536,58.0,N/A,1.08,7.0,0.8,1.28,22.9,1.79,149.6
EMN,Eastman Chemical Company,Basic Materials,Specialty Chemicals,65.77,-1.79,17.1,502.0,7519261696,83.47,56.11,35.3,Buy,1.09,8.9,5.0,1.23,88.52,7.33,32.5
ETN,"Eatonoration, PLC",Industrials,Specialty Industrial Machinery,427.56,-2.82,43.6,100.0,166064340992,478.0,311.92,69.6,Buy,1.17,30.0,12.8,8.2,105.06,19.68,-15.9
EBAY,eBay,Consumer Cyclical,Internet Retail,107.82,-0.07,22.7,115.0,47979900928,119.31,78.03,72.2,Hold,1.34,12.0,18.6,10.29,153.01,46.61,55.0
ECL,Ecolab,Basic Materials,Specialty Chemicals,278.8,-0.25,37.4,104.0,78155612160,309.27,243.15,53.9,Buy,0.89,16.8,12.6,7.77,138.02,21.96,3.3
EIX,Edison International,Utilities,Utilities - Regulated Electric,51.79,-1.63,5.3,667.0,19930054656,81.62,51.755,0.1,Hold,0.61,19.4,19.3,1.14,228.04,19.73,55.1
EW,Edwards Lifesciencesoratio,Healthcare,Medical Devices,86.56,0.32,51.5,0.0,49896067072,96.29,72.3,59.5,Buy,0.85,6.5,15.4,4.7,6.57,9.18,-25.4
EA,Electronic Arts,Communication Services,Electronic Gaming & Multimedia,209.7,0.0,59.7,0.36,52925640704,210.2,164.5,98.9,Hold,0.64,7.8,13.8,7.77,26.43,16.46,97.5
ELV,"Elevance Health,",Healthcare,Healthcare Plans,395.99,-0.03,17.5,174.0,85878071296,436.24,274.84,75.1,Buy,0.7,201.1,2.5,1.91,68.95,11.13,-13.1
LLY,Eli Lilly and Company,Healthcare,Drug Manufacturers - General,1187.85,0.37,39.8,58.0,1059250503680,1292.65,716.08,81.8,Buy,0.5,79.7,33.5,31.26,162.07,102.29,26.2
EMR,Emerson Electric Company,Industrials,Specialty Industrial Machinery,157.98,-0.16,34.6,140.0,88090566656,166.35,122.64,80.9,Buy,1.23,18.6,13.8,4.32,67.68,12.8,23.0
ENPH,"Enphase Energy,",Technology,Solar,31.51,-2.75,31.2,0.0,4163877888,73.74,25.78,11.9,Buy,1.64,1.3,10.1,3.52,51.9,13.0,-3.5
ETR,Entergyoration,Utilities,Utilities - Regulated Electric,97.4,-1.19,24.9,260.0,46535528448,118.45,90.87,23.7,Buy,0.48,13.5,13.3,2.49,186.77,10.25,-1.9
EOG,"EOG Resources,",Energy,Oil & Gas E&P,141.22,0.62,11.0,291.0,74074013696,154.16,101.59,75.4,Buy,0.27,26.7,25.7,2.33,25.89,22.51,109.4
EPAM,"EPAM Systems,",Technology,Information Technology Services,105.61,-2.42,14.3,0.0,5448358912,222.53,73.06,21.8,Buy,1.38,5.6,7.2,1.55,4.33,11.18,26.3
EQT,EQToration,Energy,Oil & Gas E&P,49.97,-1.65,11.6,130.0,31257036800,68.24,47.94,10.0,Buy,0.58,9.3,29.2,1.24,19.59,11.08,-74.0
EFX,"Equifax,",Industrials,Consulting Services,145.17,-1.99,25.5,151.0,17055282176,258.4,143.905,1.1,Buy,1.3,6.4,10.7,3.9,120.96,14.27,0.7
EQIX,"Equinix,",Real Estate,REIT - Specialty,1021.4,1.32,65.8,205.0,100783267840,1128.68,720.62,73.7,Buy,0.97,9.9,15.5,7.01,162.22,10.73,28.8
EQR,Equity Residential,Real Estate,REIT - Residential,63.66,-3.5,28.7,4.26,24611481600,71.5,57.57,43.7,Buy,0.75,3.1,28.0,2.27,78.68,8.02,-39.9
ESS,"Essex Property Trust,",Real Estate,REIT - Residential,270.3,-0.48,42.2,381.0,18632558592,303.35,238.46,49.1,Hold,0.71,2.0,20.9,3.26,122.41,7.71,-71.8
EL,"Estee Lauder Companies, (T",Consumer Defensive,Household & Personal Products,93.83,-0.68,187.7,148.0,33947559936,121.64,66.22,49.8,Buy,1.27,15.0,1.2,8.92,242.93,4.75,6.3
ETSY,"Etsy,",Consumer Cyclical,Internet Retail,68.41,-0.04,21.6,0.0,6278789632,87.974,44.0,55.5,Buy,1.81,2.9,7.1,,,,6.2
EG,"Everest Group, Ltd.",Financial Services,Insurance - Reinsurance,370.99,0.15,7.8,216.0,14224674816,401.07,302.44,69.5,Buy,0.28,16.8,11.4,0.93,23.26,12.57,-11.5
EVRG,"Evergy,",Utilities,Utilities - Regulated Electric,77.69,-0.45,19.8,356.0,17912764416,88.62,71.41,36.5,Buy,0.51,6.1,15.2,1.75,160.55,9.25,23.0
ES,Eversource Energy (D/B/A),Utilities,Utilities - Regulated Electric,63.17,-0.79,16.4,495.0,23794542592,76.57,63.15,0.1,Hold,0.7,14.0,10.4,1.46,180.7,9.02,-85.4
EXC,Exelonoration,Utilities,Utilities - Regulated Electric,40.2,-0.33,14.8,416.0,41421361152,50.65,39.73,4.3,Hold,0.39,25.3,11.0,1.4,177.36,9.71,-0.2
EXPE,"Expedia Group,",Consumer Cyclical,Travel Services,262.48,-0.64,16.5,73.0,31502796800,342.0,185.34,49.2,Buy,1.25,15.7,13.0,26.05,230.27,89.49,188.7
EXPD,Expeditors International of Was,Industrials,Integrated Freight & Logistics,186.78,-0.36,27.2,86.0,24279908352,194.59,112.95,90.4,N/A,1.06,12.0,7.6,11.46,26.75,42.67,51.5
EXR,Extra Space Storage,Real Estate,REIT - Industrial,131.73,-1.21,29.1,486.0,29073145856,158.88,125.71,18.1,Buy,1.18,3.5,27.3,2.1,101.67,6.95,6.0
XOM,ExxonMobil Holdingsoration,Energy,Oil & Gas Integrated,163.03,1.52,21.0,257.0,670344413184,176.41,110.39,79.7,Buy,0.17,361.1,9.1,2.58,15.92,12.58,112.8
FFIV,"F5,",Technology,Software - Infrastructure,433.5,-2.16,34.6,0.0,24548167680,462.0,223.76,88.0,Hold,1.03,3.3,22.0,6.39,6.55,19.83,11.4
FDS,FactSet Research Systems,Financial Services,Financial Data & Stock Exchanges,269.92,-1.16,17.8,170.0,9599763456,320.48,185.0,62.7,Hold,0.71,2.4,23.2,4.75,77.28,27.03,-9.6
FICO,Fair Isaacoration,Technology,Software - Application,841.18,-2.54,24.4,0.0,18167498752,1998.01,832.0,0.8,Buy,1.32,2.4,34.1,,,,41.2
FAST,Fastenal Company,Industrials,Industrial Distribution,50.44,0.01,43.1,190.0,57874042880,52.92,38.97,82.2,Hold,0.71,8.7,15.5,14.22,10.85,34.33,14.6
FRT,Federal Realty Investment Trust,Real Estate,REIT - Retail,109.72,-0.72,22.2,420.0,9591539712,128.21,90.03,51.6,Buy,0.92,1.3,32.7,2.97,134.11,12.55,-45.6
FDX,FedExoration,Industrials,Integrated Freight & Logistics,285.29,-0.2,15.4,171.0,67518525440,345.37,180.99113,63.4,Buy,1.36,94.7,4.7,2.16,135.7,14.85,-4.3
FIS,Fidelity National Information S,Technology,Information Technology Services,34.6,-2.29,5.3,497.0,17843423232,69.14,34.22,1.1,Buy,0.8,12.2,27.6,1.11,132.51,22.35,29.1
FITB,Fifth Third Bancorp,Financial Services,Banks - Regional,51.7,-0.76,17.4,322.0,46890881024,59.5,40.05,59.9,Buy,0.91,10.1,23.2,1.45,,8.44,-5.7
FSLR,"First Solar,",Technology,Solar,174.42,-1.85,10.8,0.0,18744881152,320.95,170.8,2.4,Buy,1.73,5.4,32.5,1.82,1.88,18.51,23.3
FE,FirstEnergy,Utilities,Utilities - Regulated Electric,42.88,-0.98,23.2,430.0,24809187328,52.34,42.81,0.7,Buy,0.44,15.6,6.9,1.92,200.91,9.49,8.3
FI,FI,Other,,0.0,0.0,,0.0,0,,,,N/A,,,0.0,,,,0.0
FMC,FMCoration,Basic Materials,Agricultural Inputs,9.24,-3.5,5.7,334.0,1438022784,34.01,9.223,0.1,Buy,0.42,3.3,-84.8,0.71,265.05,-88.38,-17.5
F,Ford Motor Company,Consumer Cyclical,Auto Manufacturers,12.51,-1.57,6.4,472.0,49884823552,17.78,11.11,21.0,Buy,1.83,188.0,-3.9,1.4,456.71,-18.25,-3.8
FTNT,"Fortinet,",Technology,Software - Infrastructure,173.4,-0.03,61.3,0.0,127225946112,181.37,73.55,92.6,Hold,1.06,7.5,28.2,82.02,36.19,117.44,43.9
FTV,Fortiveoration,Technology,Scientific & Technical Instruments,55.3,-1.4,29.3,50.0,16703053824,64.56,47.71,45.1,Hold,0.97,4.3,12.4,2.76,59.28,7.32,4.0
FOXA,Foxoration,Communication Services,Entertainment,63.17,0.16,16.5,92.0,26637967360,76.39,48.34,52.9,Buy,0.56,17.1,9.8,2.28,64.06,14.29,3.1
FOX,Foxoration,Communication Services,Entertainment,56.59,0.09,14.7,103.0,23862511616,68.175,44.08,51.9,N/A,0.56,17.1,9.8,2.04,64.06,14.29,3.1
BEN,"Franklin Templeton,",Financial Services,Asset Management,32.44,-1.76,22.1,400.0,16482014208,36.28,21.11,74.7,Hold,1.57,9.3,8.7,1.4,24.8,7.89,106.7
FCX,"Freeport-McMoRan,",Basic Materials,Copper,71.22,-1.51,34.9,83.0,102265987072,80.24,36.05,79.6,Buy,1.4,25.9,11.4,5.09,32.15,14.75,28.1
GRMN,Garmin Ltd.,Technology,Scientific & Technical Instruments,291.58,-0.87,30.1,143.0,56231944192,314.28,186.67,82.2,Hold,0.87,7.7,24.5,6.23,2.51,21.89,35.3
IT,"Gartner,",Technology,Information Technology Services,184.75,-1.68,16.6,0.0,11666772992,265.62,124.25,42.8,Hold,0.95,6.5,12.0,,,113.58,33.1
GE,GE Aerospace,Industrials,Aerospace & Defense,318.95,-2.49,37.7,57.0,330935730176,388.84,268.91,41.7,Buy,1.35,50.6,17.7,18.76,113.22,48.23,19.4
GEHC,GE HealthCare Technologies,Healthcare,Medical Devices,66.28,-0.52,15.3,24.0,29940023296,89.77,58.75,24.3,Buy,0.82,21.3,9.3,2.73,93.97,19.38,16.8
GEV,GE Vernova,Industrials,Specialty Industrial Machinery,950.52,-0.74,27.3,21.0,253155295232,1195.94,530.16,63.1,Buy,0.97,41.4,23.0,21.17,28.36,82.58,32.8
GEN,Gen Digital,Technology,Software - Infrastructure,20.96,-3.03,12.3,231.0,12549377024,31.65,17.78,23.0,Buy,1.22,5.1,20.7,4.73,307.83,41.94,64.0
GNRC,Generac Holdlings,Industrials,Specialty Industrial Machinery,203.79,-2.09,46.8,0.0,12036638720,296.44,134.8,42.7,Buy,1.91,4.4,5.8,4.18,49.0,9.49,92.0
GD,General Dynamicsoration,Industrials,Aerospace & Defense,335.7,-0.3,20.5,189.0,90826047488,400.0,306.77,31.0,Buy,0.32,54.9,8.2,3.38,35.34,17.8,13.4
GIS,"General Mills,",Consumer Defensive,Packaged Foods,33.92,0.83,10.7,725.0,18136586240,51.26,31.75,11.1,Hold,-0.03,18.3,-4.9,2.46,182.42,-10.49,-66.7
GM,General Motors Company,Consumer Cyclical,Auto Manufacturers,82.0,-0.77,36.6,87.0,74162135040,91.85,54.33,73.7,Buy,1.32,185.5,1.1,1.16,202.34,3.16,-26.2
GPC,Genuine Parts Company,Consumer Cyclical,Auto Parts,129.46,-0.12,517.8,328.0,17847324672,151.57,90.78,63.6,N/A,0.66,25.1,0.1,3.94,146.41,0.71,-9.8
GILD,"Gilead Sciences,",Healthcare,Drug Manufacturers - General,151.41,0.32,15.3,217.0,187741618176,157.29,108.46,88.0,Buy,0.35,30.5,-10.6,15.88,223.47,-20.68,10.2
GPN,Global Payments,Industrials,Specialty Business Services,84.28,-2.55,39.9,116.0,22303361024,95.88,61.16,66.6,Buy,0.79,10.2,-9.2,0.97,98.27,2.43,-95.2
GL,Globe Life,Financial Services,Insurance - Life,167.46,0.25,11.1,79.0,12869209088,191.55,127.85,62.2,N/A,0.46,6.2,19.6,2.1,55.67,20.94,19.7
GDDY,GoDaddy,Technology,Software - Infrastructure,94.6,-2.61,14.1,0.0,11980872704,142.49,71.59,32.5,Buy,0.94,5.1,17.8,1784.91,57334.33,442.86,29.8
GS,"Goldman Sachs Group, (The)",Financial Services,Capital Markets,915.57,-2.13,14.1,214.0,266586341376,1153.99,740.01,42.4,Hold,1.28,67.6,31.0,2.53,725.38,16.9,92.3
HAL,Halliburton Company,Energy,Oil & Gas Equipment & Services,32.76,0.0,17.2,208.0,27293349888,43.59,21.46,51.1,Buy,0.77,22.4,7.2,2.48,74.19,14.92,16.1
HIG,"The Hartford Insurance Group, I",Financial Services,Insurance - Diversified,125.35,0.9,8.7,193.0,33953804288,146.07,120.33,19.5,Buy,0.45,29.3,14.9,1.76,22.33,22.06,36.1
HAS,"Hasbro,",Consumer Cyclical,Leisure,89.02,1.05,15.8,318.0,12555072512,106.98,69.5,52.1,Buy,0.47,5.0,16.0,17.83,531.04,159.56,16.2
HCA,"HCA Healthcare,",Healthcare,Medical Care Facilities,438.19,0.59,14.7,72.0,94869880832,556.52,353.99,41.6,Buy,1.11,78.0,8.8,,,,11.6
DOC,"Healthpeak Properties,",Real Estate,REIT - Healthcare Facilities,20.16,-0.76,57.6,601.0,14288832512,22.95,15.7,61.4,Buy,0.99,2.9,8.2,1.77,108.65,3.04,68.2
HSIC,"Henry Schein,",Healthcare,Medical Distribution,86.07,-0.35,25.1,0.0,9592204288,92.18,61.95,79.8,Buy,0.81,13.6,3.0,3.05,80.73,8.85,17.1
HSY,The Hershey Company,Consumer Defensive,Confectioners,165.86,-0.31,22.6,349.0,33312471040,239.48,161.43,5.7,Buy,0.1,12.2,12.2,7.3,129.82,32.81,631.0
HES,HES,Other,,0.0,0.0,,0.0,0,,,,N/A,,,0.0,,,,0.0
HPE,Hewlett Packard Enterprise Comp,Technology,Communication Equipment,61.43,-2.4,31.7,91.0,81546166272,65.65,19.84,90.8,Buy,1.44,41.9,6.7,3.08,76.46,10.94,410.2
HLT,Hilton Worldwide Holdings,Consumer Cyclical,Lodging,315.41,0.46,46.3,19.0,70987726848,358.0,253.54,59.2,N/A,1.06,5.1,31.0,,,,14.1
HOLX,HOLX,Other,,0.0,0.0,,0.0,0,,,,N/A,,,0.0,,,,0.0
HD,"Home Depot, (The)",Consumer Cyclical,Home Improvement Retail,292.2,-0.34,20.5,318.0,291525001216,410.95,289.1,2.5,Buy,0.95,169.2,8.4,17.55,380.26,104.3,4.6
HON,Honeywell International,Industrials,Conglomerates,210.43,-1.0,8.1,132.0,66693681152,260.28317,195.86786,22.6,Buy,0.9,38.1,21.6,3.6,185.37,46.58,263.9
HRL,Hormel Foodsoration,Consumer Defensive,Packaged Foods,19.68,-0.18,31.7,594.0,10828150784,26.6,19.42,3.6,Hold,0.32,12.1,2.8,1.38,36.33,4.29,-67.2
HST,"Host Hotels & Resorts,",Real Estate,REIT - Hotel & Motel,22.5,0.33,15.1,357.0,15627872256,25.71,15.61,68.2,Buy,1.1,6.2,16.5,2.41,85.3,15.56,8.4
HWM,Howmet Aerospace,Industrials,Aerospace & Defense,229.42,-1.32,49.3,24.0,91493015552,310.0,183.83,36.1,Buy,1.19,9.1,20.5,16.01,81.37,34.73,33.0
HPQ,HP,Technology,Computer Hardware,31.07,-0.75,11.9,383.0,28014137344,36.23,17.56,72.3,N/A,1.21,59.2,4.1,,,,-11.3
HUBB,Hubbell,Industrials,Electrical Equipment & Parts,463.35,-0.7,27.4,122.0,24479707136,565.4999,403.82,36.8,Buy,0.89,6.2,14.5,6.26,141.64,24.44,-0.9
HUM,Humana,Healthcare,Healthcare Plans,400.33,0.6,37.8,89.0,48071745536,428.88,163.11,89.3,Buy,0.74,145.7,0.9,2.5,76.48,6.89,27.1
HBAN,Huntington Bancsharesorpora,Financial Services,Banks - Regional,15.41,-1.44,11.9,396.0,31144695808,19.46,14.89,11.5,Buy,0.94,9.2,26.1,1.05,,9.0,-2.9
HII,"Huntington Ingalls Industries, ",Industrials,Aerospace & Defense,259.98,-1.53,15.5,209.0,10244408320,460.0,258.7,0.6,Buy,0.23,13.2,5.0,1.93,55.25,12.97,36.5
IBM,International Business Machines,Technology,Information Technology Services,220.12,-2.39,19.6,300.0,207377924096,332.46,199.19,15.7,Buy,0.71,69.1,15.5,6.02,188.97,34.46,-1.8
IEX,IDEXoration,Industrials,Specialty Industrial Machinery,230.94,0.37,33.2,127.0,17024873472,243.8,159.27,84.8,N/A,0.97,3.6,14.5,4.26,47.06,12.96,10.9
IDXX,"IDEXX Laboratories,",Healthcare,Diagnostics & Research,521.2,0.37,36.6,0.0,41060720640,769.98,500.61,7.6,Buy,1.54,4.6,25.0,25.49,67.97,74.21,17.6
ITW,Illinois Tool Works,Industrials,Specialty Industrial Machinery,273.28,-0.38,24.8,251.0,77830144000,303.16,238.82,53.6,Hold,1.0,16.5,19.4,26.89,334.85,104.62,10.1
INCY,Incyteoration,Healthcare,Biotechnology,124.52,0.51,15.9,0.0,25239416832,132.6,82.52,83.9,Buy,0.77,5.8,27.7,3.94,0.6,30.67,37.7
IR,Ingersoll Rand,Industrials,Specialty Industrial Machinery,76.36,0.37,31.6,11.0,29627635712,100.96,68.07,25.2,Buy,1.15,7.9,12.1,2.91,47.9,9.47,8.5
PODD,Insuletoration,Healthcare,Medical Devices,132.72,-2.5,24.9,0.0,9204689920,354.88,126.4,2.8,Buy,1.08,3.1,12.3,6.47,66.69,26.02,328.6
INTC,Inteloration,Technology,Semiconductors,115.33,-6.24,55.9,0.0,609646477312,142.35,32.89,75.3,Buy,2.23,57.0,-19.8,6.64,49.0,-10.71,25.4
ICE,Intercontinental Exchange,Financial Services,Financial Data & Stock Exchanges,153.63,-0.44,21.7,135.0,86247038976,176.05,121.79,58.7,Buy,0.93,10.6,38.2,2.92,69.23,14.09,14.2
IFF,International Flavors & Fragran,Basic Materials,Specialty Chemicals,85.33,-0.43,21.5,187.0,21770670080,89.32,59.14,86.8,Buy,0.95,10.8,2.6,1.56,44.82,-5.55,-91.6
IP,International Paper Company,Consumer Cyclical,Packaging & Containers,34.3,-2.06,11.4,528.0,18164246528,50.25,29.26,24.0,Buy,0.88,24.2,-14.2,1.26,68.51,-16.48,-2.2
IPG,IPG,Other,,0.0,0.0,,0.0,0,,,,N/A,,,0.0,,,,0.0
INTU,Intuit,Technology,Software - Application,268.57,-2.62,16.3,200.0,71771578368,703.96,252.84,3.5,Buy,0.98,21.4,21.3,3.8,44.34,23.6,-1.4
ISRG,"Intuitive Surgical,",Healthcare,Medical Instruments & Supplies,413.44,2.04,47.5,0.0,148126482432,603.88,328.57,30.8,N/A,1.47,11.0,28.4,8.05,,17.42,26.5
IVZ,Invesco Ltd,Financial Services,Asset Management,30.14,-2.54,9.2,278.0,13304595456,33.66,20.67,72.9,Buy,1.6,6.9,-0.9,1.34,12.06,-0.57,20.5
INVH,Invitation Homes,Real Estate,REIT - Residential,26.48,-0.54,24.3,451.0,15636750336,30.893,24.25,33.5,Buy,0.83,2.8,23.2,1.73,94.42,7.05,60.5
IQV,"IQVIA Holdings,",Healthcare,Diagnostics & Research,269.85,-0.19,33.6,0.0,44416585728,277.4,154.5,93.9,Buy,1.19,17.0,8.1,7.2,257.98,22.82,-0.6
IRM,Iron Mountainorporated (Del,Real Estate,REIT - Specialty,110.76,-0.56,78.6,310.0,32972969984,134.68,77.77,58.0,Buy,1.2,7.6,5.5,,,,18.5
JBAL,JBAL,Other,,0.0,0.0,,0.0,0,,,,N/A,,,0.0,,,,0.0
JKHY,"Jack Henry & Associates,",Technology,Information Technology Services,147.56,-0.16,21.2,165.0,10345816064,193.39,121.04,36.7,Buy,0.56,2.5,19.8,5.04,3.79,24.04,-10.4
J,Jacobs Solutions,Industrials,Engineering & Construction,138.37,0.0,45.8,104.0,16194631680,168.44,105.68,52.1,Buy,0.68,14.2,2.4,4.96,124.73,8.0,-25.4
JBL,Jabil,Technology,Electronic Components,313.6,-0.99,39.3,10.0,32861231104,428.93,189.6,51.8,Buy,1.29,33.6,2.6,24.85,297.14,65.88,27.6
JNPR,JNPR,Other,,0.0,0.0,,0.0,0,,,,N/A,,,0.0,,,,0.0
JPM,JP Morgan Chase & Co.,Financial Services,Banks - Diversified,339.04,-1.17,14.5,192.0,901231476736,366.5,279.1,68.6,Buy,0.97,186.3,34.9,2.55,,17.79,46.9
JNPR,JNPR,Other,,0.0,0.0,,0.0,0,,,,N/A,,,0.0,,,,0.0
K,K,Other,,0.0,0.0,,0.0,0,,,,N/A,,,0.0,,,,0.0
KVUE,Kenvue,Consumer Defensive,Household & Personal Products,17.82,0.11,21.0,472.0,34228183040,20.13,14.02,62.2,Hold,0.43,15.4,10.8,3.24,81.62,15.58,8.5
KDP,Keurig Dr Pepper,Consumer Defensive,Beverages - Non-Alcoholic,31.28,-1.39,31.6,288.0,42566639616,33.82,24.88,71.6,Buy,0.41,20.1,7.1,1.7,99.65,5.1,-90.0
KEY,KeyCorp,Financial Services,Banks - Regional,20.46,-0.7,12.0,398.0,21838786560,24.07,16.47,52.6,Buy,1.02,7.4,27.5,1.27,,10.33,25.3
KEYS,Keysight Technologies,Technology,Scientific & Technical Instruments,356.2,-1.64,48.2,0.0,60641181696,374.963,158.79,91.3,Buy,1.21,6.6,19.1,9.23,42.09,20.9,109.1
KMB,Kimberly-Clarkoration,Consumer Defensive,Household & Personal Products,98.45,0.02,19.5,520.0,32742406144,125.32,92.42,18.3,Buy,0.27,16.6,11.8,18.71,348.93,104.91,-32.3
KIM,Kimco Realtyoration (HC),Real Estate,REIT - Retail,22.41,-0.16,26.1,499.0,15029036032,26.65,19.76,38.4,Buy,0.96,2.2,27.8,1.46,84.99,5.81,-5.8
KMI,"Kinder Morgan,",Energy,Oil & Gas Midstream,30.68,-0.23,19.8,384.0,68318289920,34.81,25.6,55.2,Buy,0.55,18.0,19.3,2.16,98.62,10.99,21.2
KLAC,KLAoration,Technology,Semiconductor Equipment & Materials,183.99,-2.09,50.3,49.0,240108142592,307.37,98.097,41.0,Buy,1.44,13.6,35.6,37.87,96.88,87.5,13.8
KHC,The Kraft Heinz Company,Consumer Defensive,Packaged Foods,23.68,0.19,11.3,677.0,28074377216,28.09,21.035,37.4,Hold,0.08,24.9,-13.6,0.78,52.59,-8.76,-1.4
KR,Kroger Company (The),Consumer Defensive,Grocery Stores,59.9,1.97,32.4,266.0,35376263168,76.58,54.15,25.6,Buy,0.41,149.3,0.7,6.11,413.24,14.44,15.3
LHX,"L3Harris Technologies,",Industrials,Aerospace & Defense,238.44,0.32,24.1,210.0,44401946624,379.23,234.59,2.7,Buy,0.51,22.9,8.2,2.23,52.75,9.34,28.3
LH,Labcorp Holdings,Healthcare,Diagnostics & Research,309.33,-0.1,25.6,93.0,25086662656,341.8,244.52,66.6,Buy,0.85,14.3,7.0,2.91,79.12,11.73,28.2
LRCX,Lam Researchoration,Technology,Semiconductor Equipment & Materials,307.49,-2.45,53.3,42.0,384800456704,438.5,130.81,57.4,Buy,1.86,23.2,31.3,30.85,33.05,65.07,34.8
LW,"Lamb Weston Holdings,",Consumer Defensive,Packaged Foods,43.39,-0.44,20.9,349.0,5965393920,67.07,37.62,19.6,N/A,0.46,6.6,4.4,3.27,221.22,16.28,-6.2
LVS,Las Vegas Sands,Consumer Cyclical,Resorts & Casinos,38.91,-0.19,15.1,308.0,25205293056,70.45,38.06,2.6,Buy,0.82,13.7,12.6,43.38,1703.9,122.87,-19.8
LDOS,"Leidos Holdings,",Technology,Information Technology Services,122.08,-1.24,11.4,139.0,15319460864,205.77,98.86,21.7,Buy,0.57,17.6,7.8,2.9,123.28,27.78,-6.7
LEN,Lennaroration,Consumer Cyclical,Residential Construction,82.58,0.52,15.6,243.0,19891914752,133.76,75.7,11.8,Hold,1.4,32.0,4.1,0.91,27.74,5.96,-48.0
LIN,Linde plc,Basic Materials,Specialty Chemicals,470.47,0.12,30.3,136.0,216877334528,548.2,387.78,51.5,Buy,0.73,35.4,20.4,5.55,68.95,18.4,11.3
LYV,"Live Nation Entertainment,",Communication Services,Entertainment,172.62,1.02,91.4,0.0,40212307968,189.25,125.34,74.0,Buy,1.12,26.3,0.5,483.52,620.21,17.68,156.2
LKQ,LKQoration,Consumer Cyclical,Auto Parts,23.13,-0.69,12.8,515.0,5851937792,37.13,21.17,12.3,N/A,0.84,13.7,3.4,0.91,82.11,7.13,-29.0
LMT,Lockheed Martinoration,Industrials,Aerospace & Defense,520.95,0.27,19.2,266.0,120229289984,692.0,437.25,32.9,Buy,0.1,77.0,8.2,13.67,234.24,89.17,443.8
L,Loewsoration,Financial Services,Insurance - Property & Casualty,104.92,0.1,12.9,24.0,21448554496,121.01,97.38,31.9,N/A,0.51,18.7,9.0,1.12,44.61,9.31,15.6
LOW,"Lowe's Companies,",Consumer Cyclical,Home Improvement Retail,188.39,-0.47,15.9,264.0,105696968704,293.06,186.3,2.0,Buy,0.85,90.4,7.3,,,,8.3
LULU,lululemon athletica inc.,Consumer Cyclical,Apparel Retail,100.07,-1.21,8.2,0.0,11078752256,225.98,95.35,3.6,Hold,0.86,11.1,12.8,2.33,44.69,30.9,-5.9
LYB,LyondellBasell Industries NV,Basic Materials,Specialty Chemicals,59.47,2.29,9.4,475.0,19211067392,83.94,41.58,42.2,Hold,0.35,31.2,-1.1,1.8,132.76,-2.27,396.0
MTB,M&T Bankoration,Financial Services,Banks - Regional,220.57,-0.28,11.7,271.0,31854614528,255.95,174.76,56.4,Hold,0.56,9.5,32.1,1.25,,10.74,25.5
MRO,MRO,Other,,0.0,0.0,,0.0,0,,,,N/A,,,0.0,,,,0.0
MPC,Marathon Petroleumoration,Energy,Oil & Gas Refining & Marketing,392.48,-0.26,13.6,102.0,110218108928,431.08,161.93,85.7,Buy,0.53,154.1,5.5,5.82,133.33,42.1,348.0
MKTX,"MarketAxess Holdings,",Financial Services,Capital Markets,164.03,-0.09,19.4,190.0,5773572096,195.97,108.75,63.4,N/A,0.82,0.9,35.2,4.66,14.28,23.14,1.0
MAR,Marriott International,Consumer Cyclical,Lodging,355.09,0.87,36.8,83.0,92595503104,410.98,256.76,63.8,Buy,1.1,7.4,35.0,,,,4.3
MMC,MMC,Other,,0.0,0.0,,0.0,0,,,,N/A,,,0.0,,,,0.0
MLM,"Martin Marietta Materials,",Basic Materials,Building Materials,484.47,0.04,31.5,69.0,34406760448,710.97,476.82,3.3,Buy,1.1,6.7,36.7,2.52,54.95,8.89,-23.2
MAS,Mascooration,Industrials,Building Products & Equipment,68.51,-0.49,15.8,186.0,13509310464,83.64,58.16,40.6,Buy,1.29,7.6,11.6,,,5862.5,24.5
MA,Mastercardorporated,Financial Services,Credit Services,566.21,-0.25,31.2,61.0,496001220608,601.23,464.52,74.4,Buy,0.73,35.1,46.3,88.52,439.58,241.2,22.1
MTCH,"Match Group,",Communication Services,Internet Content & Information,39.56,-2.44,14.0,197.0,9228023808,44.935,28.81,66.7,Buy,1.32,3.5,20.2,,,,50.4
MKC,"McCormick & Company,orporat",Consumer Defensive,Packaged Foods,48.21,0.56,8.0,401.0,12961333248,72.41,44.82,12.3,Buy,0.63,7.4,21.9,1.85,65.14,24.73,-14.2
MCD,McDonald'soration,Consumer Cyclical,Restaurants,235.2,-0.55,19.1,326.0,166437289984,341.75,234.03,1.1,Buy,0.41,27.7,31.7,,,,5.7
MCK,McKessonoration,Healthcare,Medical Distribution,860.3,-0.73,23.1,43.0,100302684160,999.0,723.68,49.6,Buy,0.31,411.0,1.1,,,,-17.6
MDT,Medtronic plc.,Healthcare,Medical Devices,88.09,-0.62,21.7,325.0,112679256064,106.33,73.31,44.8,Buy,0.57,37.5,13.9,2.24,55.37,10.65,40.7
MRK,"Merck & Company,",Healthcare,Drug Manufacturers - General,148.44,-0.23,118.8,229.0,366226964480,156.92,78.03,89.3,Buy,0.23,66.6,4.8,8.74,128.41,6.96,5.1
META,"Meta Platforms,",Communication Services,Internet Content & Information,720.64,-4.13,27.2,28.0,1835847647232,779.82,520.26,77.2,Buy,1.24,228.2,29.8,7.03,43.0,29.85,-13.4
MET,"MetLife,",Financial Services,Insurance - Life,96.63,-1.1,18.5,243.0,61406134272,100.93,67.33,87.2,Buy,0.76,79.4,4.6,2.25,179.93,13.09,5.8
MTD,"Mettler-Toledo International, I",Healthcare,Diagnostics & Research,1515.82,0.28,34.2,0.0,30371819520,1541.02,1023.05,95.1,Hold,1.22,4.1,21.9,2368.47,16668.45,,18.3
MGM,MGM Resorts International,Consumer Cyclical,Resorts & Casinos,32.72,0.43,19.8,0.0,8371452416,51.59,29.19,15.8,Buy,1.28,17.8,2.4,3.27,893.31,18.92,519.4
MCHP,Microchip Technologyorporat,Technology,Semiconductors,76.3,-3.04,112.2,231.0,41428848640,105.91,48.52,48.4,Buy,1.74,5.1,9.3,6.42,83.69,7.19,38.0
MU,"Micron Technology,",Technology,Semiconductors,1039.32,-3.97,23.5,5.0,1173800878080,1255.0,159.97,80.3,Buy,2.22,90.3,55.9,11.65,6.33,66.64,1368.5
MSFT,Microsoftoration,Technology,Software - Infrastructure,506.84,-1.81,28.2,76.0,3763563659264,553.72,349.2,77.1,Buy,1.11,331.8,40.3,8.51,29.12,34.04,31.7
MAA,Mid-America Apartment Communiti,Real Estate,REIT - Residential,117.78,-0.48,34.4,517.0,14012150784,144.41,116.67,4.0,Hold,0.71,2.2,18.2,2.51,102.38,7.05,13.7
MRNA,"Moderna,",Healthcare,Biotechnology,194.35,-2.28,,0.0,77593493504,202.67,22.28,95.4,Hold,1.11,2.2,-141.4,11.47,19.04,-39.0,2.1
MHK,"Mohawk Industries,",Consumer Cyclical,"Furnishings, Fixtures & Appliances",124.07,-0.87,16.4,0.0,8404271616,140.3,92.99,65.7,Buy,1.18,11.2,4.2,0.88,27.6,5.51,37.6
MOH,Molina Healthcare,Healthcare,Healthcare Plans,190.79,-0.04,,0.0,9959237632,244.89,121.06,56.3,Hold,0.76,42.5,-0.0,2.38,94.77,-0.16,-75.3
TAP,Molson Coors Beverage Company,Consumer Defensive,Beverages - Brewers,35.95,-0.01,7.3,534.0,6702086656,54.82,35.52,2.2,Hold,0.42,11.1,-20.8,0.66,76.03,-19.47,-42.3
MDLZ,"Mondelez International,",Consumer Defensive,Confectioners,60.34,0.14,22.1,345.0,77006045184,66.65,51.2,59.1,Buy,0.4,39.7,8.9,2.9,82.64,13.34,144.9
MPWR,"Monolithic Power Systems,",Technology,Semiconductors,1329.2,-2.8,81.0,59.0,65320873984,1714.09,833.18,56.3,N/A,1.66,3.3,24.5,16.77,0.49,21.98,85.8
MNST,Monster Beverageoration,Consumer Defensive,Beverages - Non-Alcoholic,41.88,-2.84,38.8,0.0,82054881280,50.17,32.75,52.4,Buy,0.52,9.2,23.1,8.76,0.99,25.7,18.0
MCO,Moody'soration,Financial Services,Financial Data & Stock Exchanges,461.53,-1.53,29.7,88.0,79928221696,546.88,402.28,41.0,Buy,1.33,8.2,34.3,26.42,240.68,76.93,56.7
MS,Morgan Stanley,Financial Services,Capital Markets,193.38,-1.49,15.6,234.0,303716106240,232.25,151.84,51.7,Buy,1.21,77.8,25.9,2.85,517.28,17.97,62.4
MOS,Mosaic Company (The),Basic Materials,Agricultural Inputs,22.48,-2.33,14.4,382.0,7144705024,36.0,19.8,16.5,Buy,0.83,12.2,-5.2,0.62,52.25,-5.07,-6.0
MSI,"Motorola Solutions,",Technology,Communication Equipment,454.39,-0.55,35.8,106.0,75198726144,494.85,359.36,70.1,Buy,0.88,12.2,17.4,28.14,357.85,91.57,9.5
MSCI,MSCI,Financial Services,Financial Data & Stock Exchanges,542.45,-1.62,29.6,149.0,39436115968,644.77,501.08,28.8,Buy,1.22,3.3,40.7,,,,19.6
NDAQ,"Nasdaq,",Financial Services,Financial Data & Stock Exchanges,92.16,-1.48,26.9,124.0,51517587456,101.79,76.55,61.9,Buy,0.97,5.6,35.0,4.32,77.69,16.52,14.1
NTAP,"NetApp,",Technology,Software - Infrastructure,202.65,0.75,28.6,103.0,39803330560,209.06,93.69,94.4,Buy,1.43,7.4,19.2,26.57,169.5,114.82,63.5
NFLX,"Netflix,",Communication Services,Entertainment,69.59,-2.19,21.9,0.0,289768538112,124.86,65.08,7.5,Buy,1.53,48.4,28.2,9.61,55.24,49.54,11.1
NEM,Newmontoration,Basic Materials,Gold,116.34,-4.19,14.7,86.0,122586554368,135.29,76.05,68.0,Buy,0.54,25.8,33.4,3.5,15.81,25.91,11.4
NWSA,Newsoration,Communication Services,Entertainment,28.47,-0.07,27.6,70.0,15362953216,31.66,22.2,66.3,Buy,0.92,9.0,6.3,1.81,31.56,7.98,-74.9
NWS,Newsoration,Communication Services,Entertainment,31.75,-0.02,30.8,63.0,17130206208,35.76,25.49,60.9,Buy,0.92,9.0,6.3,2.02,31.56,7.98,-74.9
NEE,"NextEra Energy,",Utilities,Utilities - Regulated Electric,75.65,-0.57,17.0,328.0,157796958208,98.75,75.12,2.2,Buy,0.64,28.7,32.4,2.76,161.68,11.68,53.1
NKE,"Nike,",Consumer Cyclical,Footwear & Accessories,36.16,1.16,17.2,459.0,53650735104,76.97,35.22,2.3,Hold,1.11,46.4,6.7,3.61,74.29,22.14,428.0
NI,NiSource,Utilities,Utilities - Regulated Gas,39.19,-0.58,20.8,304.0,18793959424,49.21,38.95,2.3,Buy,0.54,6.9,13.2,1.96,146.65,8.55,-58.4
NDSN,Nordsonoration,Industrials,Specialty Industrial Machinery,325.93,0.05,33.0,115.0,18154094592,339.12,223.29,88.6,Buy,0.97,3.0,18.6,5.55,55.62,17.76,23.0
NSC,Norfolk Southernoration,Industrials,Railroads,313.04,0.01,26.7,173.0,70311403520,358.6,277.8,43.6,Hold,1.27,12.5,21.0,4.33,105.52,16.98,-4.4
NTRS,Northern Trustoration,Financial Services,Asset Management,174.04,-0.96,15.0,187.0,31841599488,195.78,121.12,70.9,Hold,1.26,9.1,24.7,2.54,,17.07,98.6
NOC,Northrop Grummanoration,Industrials,Aerospace & Defense,510.38,-0.03,16.2,194.0,72505417728,774.0,479.02,10.6,Buy,-0.11,42.9,10.5,4.05,95.35,26.96,-5.8
NCLH,Norwegian Cruise Line Holdings ,Consumer Cyclical,Travel Services,14.37,-1.68,8.7,0.0,6598529024,26.09,13.63,5.9,Buy,1.88,10.2,7.5,2.56,621.05,36.73,616.3
NRG,"NRG Energy,",Utilities,Utilities - Independent Power Producers,97.92,-2.45,25.5,189.0,20582758400,189.96,97.5,0.4,Buy,1.17,33.1,2.6,4.9,483.36,23.77,11.0
NUE,Nucororation,Basic Materials,Steel,246.38,-0.35,19.6,91.0,55897632768,280.11,131.32,77.3,Buy,1.88,36.1,8.0,2.53,30.51,14.55,93.8
NVDA,NVIDIAoration,Technology,Semiconductors,229.25,1.85,29.0,44.0,5535578980352,236.54,164.27,89.9,Buy,2.22,303.0,63.7,24.17,16.97,117.21,127.8
NVR,"NVR,",Consumer Cyclical,Residential Construction,6320.46,0.36,16.4,0.0,16927159296,8200.0,5501.01,30.4,Hold,0.91,9.6,11.8,4.99,32.15,31.54,-22.6
NXPI,NXP Semiconductors N.V.,Technology,Semiconductors,234.54,-1.48,20.0,170.0,59143847936,339.95,183.0,32.8,Buy,1.82,13.2,22.6,5.19,93.33,27.92,72.6
ORLY,"O'Reilly Automotive,",Consumer Cyclical,Auto Parts,86.68,0.66,27.5,0.0,70120718336,108.72,82.59,15.7,Buy,0.52,18.6,14.3,,,,10.3
OXY,Occidental Petroleumoratio,Energy,Oil & Gas E&P,56.85,-0.02,16.8,197.0,56829382656,67.45,38.8,63.0,Buy,0.16,23.9,30.3,1.7,34.51,10.63,964.9
ODFL,"Old Dominion Freight Line,",Industrials,Trucking,176.04,1.58,33.9,67.0,36610736128,252.03,126.01,39.7,N/A,1.17,5.6,19.4,8.03,0.44,24.82,32.3
OMC,Omnicom Group,Communication Services,Advertising Agencies,75.19,-1.26,203.2,420.0,20628072448,89.57,66.33,38.1,Buy,0.67,22.4,1.7,2.13,107.74,6.05,58.8
ON,ON Semiconductororation,Technology,Semiconductors,74.66,-3.29,49.4,0.0,29066530816,134.92,44.56,33.3,Buy,2.0,6.2,10.2,4.03,65.06,8.31,36.6
OKE,"ONEOK,",Energy,Oil & Gas Midstream,88.55,-0.09,15.3,483.0,55822737408,99.85,64.02,68.5,Buy,0.72,39.4,9.3,2.43,143.07,16.28,14.2
ORCL,Oracleoration,Technology,Software - Infrastructure,132.45,-3.39,20.8,146.0,400493838336,322.54,114.5,8.6,Buy,1.73,71.8,26.4,6.48,251.72,41.19,54.5
OTIS,Otis Worldwideoration,Industrials,Specialty Industrial Machinery,66.54,0.91,17.1,267.0,25329737728,94.565,65.13,4.8,Buy,0.88,14.9,10.2,,,,13.0
PCAR,PACCAR,Industrials,Farm & Heavy Construction Machinery,111.69,0.34,23.5,126.0,58789703680,139.24,92.25,41.4,Buy,0.97,27.8,9.0,2.89,72.91,12.76,4.2
PKG,Packagingoration of Americ,Consumer Cyclical,Packaging & Containers,234.6,-1.09,30.4,253.0,20902461440,259.98,191.5,62.9,Buy,0.8,9.5,7.3,4.46,94.47,14.89,-19.5
PANW,"Palo Alto Networks,",Technology,Software - Infrastructure,380.42,1.52,927.9,0.0,311183572992,398.88,139.57,92.9,Buy,0.91,11.5,2.7,11.28,9.34,1.74,34.5
PH,Parker-Hannifinoration,Industrials,Specialty Industrial Machinery,973.24,-0.52,34.2,82.0,122737016832,1099.94,715.37,67.1,Buy,1.12,21.5,17.0,7.97,56.66,25.08,19.3
PAYX,"Paychex,",Technology,Software - Application,100.25,-1.1,19.9,470.0,35687043072,130.32,85.45,33.0,Hold,0.81,6.6,27.4,9.54,124.7,47.05,13.9
PAYC,"Paycom Software,",Technology,Software - Application,220.88,0.19,23.3,68.0,9955644416,244.98,104.9,82.8,Buy,0.79,2.1,22.8,16.81,171.97,41.09,48.1
PYPL,"PayPal Holdings,",Financial Services,Credit Services,54.08,-1.75,10.2,102.0,46259048448,79.215,38.46,38.3,Hold,1.29,34.1,14.4,2.35,71.75,24.5,-3.1
PNR,Pentair plc.,Industrials,Specialty Industrial Machinery,53.08,-1.08,13.7,201.0,8471568384,113.95,52.64,0.7,Buy,1.02,4.0,16.2,2.26,47.07,17.13,-11.1
PEP,"Pepsico,",Consumer Defensive,Beverages - Non-Alcoholic,128.01,-0.48,16.8,460.0,174861647872,171.48,126.721,2.9,Hold,0.36,96.9,10.8,7.91,238.95,51.51,137.0
PFE,"Pfizer,",Healthcare,Drug Manufacturers - General,28.52,-0.51,37.5,600.0,162583183360,29.21,23.62,87.7,Buy,0.3,63.7,6.8,1.91,74.25,5.01,2.6
PCG,Pacific Gas & Electric Co.,Utilities,Utilities - Regulated Electric,11.99,-2.8,8.6,162.0,36013391872,19.16,11.99,0.1,Buy,0.24,25.8,11.8,0.82,189.45,9.32,39.8
PM,Philip Morris International,Consumer Defensive,Tobacco,191.47,0.52,26.3,336.0,298419912704,207.76,142.11,75.2,Buy,0.4,42.5,25.6,,,,-7.5
PSX,Phillips 66,Energy,Oil & Gas Refining & Marketing,255.24,-0.2,14.6,199.0,102334652416,277.12,126.74,85.5,Buy,0.7,152.2,4.7,3.23,62.88,23.45,344.9
PNW,Pinnacle West Capitalorati,Utilities,Utilities - Regulated Electric,91.17,-0.63,17.5,397.0,11048957952,111.16,86.18,20.0,Hold,0.44,5.6,11.5,1.57,233.29,9.37,-9.5
PXD,PXD,Other,,0.0,0.0,,0.0,0,,,,N/A,,,0.0,,,,0.0
PNC,"PNC Financial Services Group, I",Financial Services,Banks - Regional,224.38,-0.56,12.4,355.0,89514909696,258.96,176.88,57.9,Buy,0.89,24.3,31.4,1.54,,12.62,24.9
POOL,Pooloration,Industrials,Industrial Distribution,162.06,-1.73,14.9,315.0,5889381376,313.75,160.38,1.1,Buy,1.05,5.4,7.4,4.67,134.54,31.25,2.2
PPG,"PPG Industries,",Basic Materials,Specialty Chemicals,105.86,-1.55,15.2,275.0,23531567104,133.43,93.39,31.1,Buy,1.06,16.4,9.6,2.79,86.94,19.3,-1.5
PPL,PPLoration,Utilities,Utilities - Regulated Electric,31.93,-0.3,18.9,356.0,24032518144,40.11,31.56,4.4,Buy,0.58,9.4,13.5,1.6,135.43,8.63,21.2
PFG,Principal Financial Group,Financial Services,Asset Management,115.48,0.62,16.5,293.0,24724803584,121.18,77.9,86.8,N/A,0.87,15.7,9.9,2.04,35.31,12.95,2.8
PG,Procter & Gamble Company (The),Consumer Defensive,Household & Personal Products,148.07,1.26,22.4,298.0,343929716736,167.25,137.62,35.3,Buy,0.38,87.0,18.4,6.45,64.49,30.29,-15.5
PGR,Progressiveoration (The),Financial Services,Insurance - Property & Casualty,207.69,1.07,10.4,19.0,120543281152,248.17,189.2,31.4,Hold,0.26,91.0,12.8,3.51,24.43,34.94,5.0
PRU,"Prudential Financial,",Financial Services,Insurance - Life,117.6,-1.55,10.7,469.0,40571998208,127.72,91.89,71.8,Hold,0.82,65.2,6.0,1.29,163.89,12.01,89.2
PEG,Public Service Enterprise Group,Utilities,Utilities - Regulated Electric,66.73,-0.43,16.6,400.0,33259571200,87.63,66.15,2.7,Buy,0.52,12.5,16.0,1.92,142.41,11.83,-42.7
PTC,PTC,Technology,Software - Application,137.33,-0.57,13.3,0.0,14901165056,206.82,108.5,29.3,Buy,1.0,3.0,41.4,4.38,46.34,35.05,-12.0
PSA,Public Storage,Real Estate,REIT - Industrial,285.11,-0.99,27.2,417.0,53273452544,335.55,256.54,36.2,Buy,0.94,4.9,41.6,10.34,109.63,21.93,45.1
PHM,"PulteGroup,",Consumer Cyclical,Residential Construction,119.35,-0.42,12.2,87.0,22734544896,144.5,108.49,30.2,Buy,1.2,16.4,11.6,1.72,19.07,14.9,-18.2
QRVO,"Qorvo,",Technology,Semiconductors,115.8,-1.84,26.9,0.0,10216065024,121.09,74.92,88.5,Hold,1.46,3.6,11.0,2.94,44.62,11.56,255.6
PWR,"Quanta Services,",Industrials,Engineering & Construction,647.7,-0.22,73.9,7.0,97377419264,788.75,404.51,63.3,Buy,1.2,32.9,4.0,10.1,67.78,15.34,94.7
QCOM,QUALCOMMorporated,Technology,Semiconductors,189.04,-6.4,21.6,182.0,201911484416,259.92,121.99,48.6,Hold,1.68,44.1,21.0,7.22,55.21,33.75,-23.0
DGX,Quest Diagnosticsorporated,Healthcare,Diagnostics & Research,235.88,-0.19,25.0,146.0,26034868224,248.84,171.18,83.3,Buy,0.55,11.6,9.2,3.45,81.07,14.6,15.0
RL,Ralph Laurenoration,Consumer Cyclical,Apparel Manufacturing,352.55,-1.28,22.2,112.0,21005422592,421.6,304.46,41.0,Buy,1.35,8.4,11.8,7.72,110.37,37.54,21.6
RJF,"Raymond James Financial,",Financial Services,Asset Management,159.29,-0.36,13.9,135.0,30599608320,182.73,138.82,46.6,Buy,0.92,15.2,15.1,2.41,47.59,18.42,42.0
RTX,RTXoration,Industrials,Aerospace & Defense,188.26,-0.6,33.1,154.0,253728931840,226.88,155.64,45.8,Buy,0.29,93.5,8.3,3.82,57.02,12.27,28.7
O,Realtyomeoration,Real Estate,REIT - Retail,55.3,-0.44,40.4,587.0,52321124352,67.94,55.07,1.7,Buy,0.71,6.1,20.9,1.32,74.72,3.23,69.2
REG,Regency Centersoration,Real Estate,REIT - Retail,73.01,-0.3,24.6,412.0,13649857536,83.66,66.86,36.6,Buy,0.81,1.7,33.0,2.01,71.97,8.19,8.9
REGN,"Regeneron Pharmaceuticals,",Healthcare,Biotechnology,766.32,-2.76,19.0,48.0,78895955968,859.34,541.0,70.8,Buy,0.19,15.5,27.9,2.42,8.54,14.04,-4.5
RF,Regions Financialoration,Financial Services,Banks - Regional,27.39,-0.81,11.1,396.0,23338610688,32.47,22.7,48.1,Hold,1.0,7.2,30.8,1.34,,11.87,8.5
RSG,"Republic Services,",Industrials,Waste Management,214.1,0.94,30.3,126.0,65560203264,233.42,196.41,47.8,Buy,0.4,16.9,12.9,5.45,118.8,18.15,5.1
RMD,ResMed,Healthcare,Medical Instruments & Supplies,219.0,-1.35,21.0,119.0,31591254016,284.87,180.27,37.0,Buy,0.77,5.7,26.9,4.8,12.54,24.27,2.4
RVTY,"Revvity,",Healthcare,Diagnostics & Research,148.63,-1.64,71.1,19.0,16585086976,152.26,81.22,94.9,Buy,1.09,2.9,8.2,2.29,46.23,3.21,1.2
ROK,"Rockwell Automation,",Industrials,Specialty Industrial Machinery,429.61,-1.05,40.2,127.0,47804399616,497.36,332.71,58.9,Buy,1.51,9.0,13.4,13.65,103.35,30.63,40.4
ROL,"Rollins,",Consumer Cyclical,Personal Services,30.04,0.03,27.3,243.0,14453608448,66.14,29.74,0.8,Hold,0.74,3.9,13.6,10.11,78.02,37.01,3.1
ROP,"Roper Technologies,",Technology,Software - Application,349.69,-2.47,14.6,102.0,34584645632,521.28,305.96,20.3,Buy,0.75,8.3,30.2,1.85,60.53,13.07,233.0
ROST,"Ross Stores,",Consumer Cyclical,Apparel Retail,234.88,-0.53,28.4,75.0,75343454208,257.0,147.49,79.8,Buy,0.86,24.5,10.8,11.13,70.28,42.63,70.5
RCL,Royal Caribbean Cruises Ltd.,Consumer Cyclical,Travel Services,242.37,-0.14,15.0,247.0,64822358016,356.39,222.22,15.0,Buy,1.75,18.7,23.5,6.33,224.82,44.67,-4.6
SPGI,S&P Global,Financial Services,Financial Data & Stock Exchanges,399.31,-0.99,24.3,96.0,117716590592,522.46924,361.03122,23.7,Buy,1.08,16.1,30.5,3.74,42.98,14.26,17.7
CRM,"Salesforce,",Technology,Software - Application,229.35,-2.0,21.0,75.0,188755050496,269.11,146.32,67.6,Buy,1.2,43.9,22.0,4.92,110.42,19.38,118.9
SBAC,SBA Communicationsoration,Real Estate,REIT - Specialty,164.76,-0.84,17.8,301.0,17479075840,224.46,162.41,3.8,Buy,0.98,2.9,34.5,,,,-10.5
SLB,SLB Limited,Energy,Oil & Gas Equipment & Services,51.31,-0.44,25.0,229.0,76173656064,60.46,31.64,68.3,Buy,0.77,36.4,8.5,2.92,47.0,12.91,-29.7
STX,Seagate Technology Holdings PLC,Technology,Computer Hardware,883.66,-3.62,63.4,32.0,200937078784,1145.0,209.0,72.1,N/A,2.09,12.2,26.1,92.48,179.88,371.53,148.8
SRE,DBA Sempra,Utilities,Utilities - Diversified,77.26,-0.86,22.4,337.0,50520342528,101.04,77.08,0.8,Buy,0.56,13.6,16.8,1.55,84.66,6.68,71.3
NOW,"ServiceNow,",Technology,Software - Application,130.54,-3.75,81.6,0.0,134960340992,192.966,81.24,44.1,Buy,0.97,14.7,11.3,10.78,67.54,14.24,-21.9
SHW,Sherwin-Williams Company (The),Basic Materials,Specialty Chemicals,327.19,-0.58,30.2,97.0,79428034560,377.77,289.86,42.5,Buy,1.09,24.4,11.0,20.48,389.96,65.12,14.3
SPG,"Simon Property Group,",Real Estate,REIT - Retail,204.14,-0.33,14.4,435.0,77497860096,238.5,172.19,48.2,Buy,1.31,6.9,66.6,15.03,503.5,120.51,-12.5
SWKS,"Skyworks Solutions,",Technology,Semiconductors,87.17,-2.43,45.2,413.0,13116711936,92.8,51.93,86.2,Hold,1.52,4.0,7.2,2.29,11.87,5.09,-68.6
SJM,The J.M. Smucker Company,Consumer Defensive,Packaged Foods,121.86,0.71,57.2,370.0,13018007552,135.89,88.25,70.6,Buy,0.26,9.2,2.5,2.26,120.68,3.93,5.0
SNA,Snap-Onorporated,Industrials,Tools & Accessories,369.77,0.15,18.9,264.0,19127138304,423.02,320.8,47.9,Hold,0.71,5.3,19.6,3.17,21.59,17.93,5.1
SOLV,Solventumoration,Healthcare,Medical Instruments & Supplies,88.8,-0.78,10.9,0.0,15115867136,94.16,62.38,83.1,Buy,0.69,8.3,17.3,3.15,110.31,33.96,3.9
SO,Southern Company (The),Utilities,Utilities - Regulated Electric,82.24,-0.77,19.8,367.0,94605852672,100.84,82.09,0.8,Hold,0.32,30.2,15.4,2.39,182.06,11.48,30.4
LUV,Southwest Airlines Company,Industrials,Airlines,41.72,-2.25,26.1,169.0,20409765888,55.11,29.26,48.2,Buy,1.12,30.1,2.8,2.88,97.28,11.1,20.5
SWK,"Stanley Black & Decker,",Industrials,Tools & Accessories,89.47,-2.11,21.9,368.0,13511458816,104.68,61.9,64.4,Buy,1.17,15.2,4.1,1.51,58.17,6.89,247.8
SBUX,Starbucksoration,Consumer Cyclical,Restaurants,95.08,0.23,55.0,261.0,108385492992,110.51,77.99,52.5,Buy,0.96,38.3,5.2,,,,85.7
STT,State Streetoration,Financial Services,Asset Management,179.66,-0.92,15.9,203.0,49354289152,195.93,104.64,82.2,Buy,1.42,15.0,23.0,2.06,,12.44,68.2
STLD,"Steel Dynamics,",Basic Materials,Steel,231.31,-1.01,21.0,91.0,33153220608,288.74,137.6,62.0,Buy,1.51,20.5,7.8,3.53,46.92,17.57,83.6
STE,STERIS plc (Ireland),Healthcare,Medical Devices,210.07,0.55,25.7,123.0,20482334720,269.44,195.14,20.1,N/A,0.91,6.0,13.3,2.84,28.31,11.39,14.0
SYK,Strykeroration,Healthcare,Medical Devices,274.52,0.79,28.5,129.0,105298468864,392.55,267.0,6.0,Buy,0.77,25.8,14.4,4.39,64.39,16.51,44.1
SMCI,"Super Micro Computer,",Technology,Computer Hardware,41.13,-4.91,12.6,0.0,27024269312,58.78,19.48,55.1,N/A,2.0,39.1,5.7,2.64,63.95,21.47,434.7
SYF,Synchrony Financial,Financial Services,Credit Services,71.92,-1.39,7.4,186.0,23402299392,88.77,63.08,34.4,Buy,1.31,9.9,35.5,1.54,,20.79,3.6
SNPS,"Synopsys,",Technology,Software - Infrastructure,418.33,-1.75,72.8,0.0,80167354368,539.48,362.55,31.5,Buy,1.23,9.4,11.4,2.57,34.8,3.66,89.3
SYY,Syscooration,Consumer Defensive,Food Distribution,77.8,-0.85,21.3,280.0,37308014592,91.85,68.19,40.6,Buy,0.63,84.6,2.1,13.96,564.59,77.69,5.3
TMUS,"T-Mobile US,",Communication Services,Telecom Services,166.02,0.36,17.4,283.0,178084954112,240.95,161.14,6.1,Buy,0.33,92.2,11.5,3.17,214.03,17.99,5.3
TROW,"T. Rowe Price Group,",Financial Services,Asset Management,103.4,-2.0,10.4,493.0,22056859648,122.0,85.22,49.4,Hold,1.48,7.6,29.3,2.0,3.7,19.4,28.6
TTWO,"Take-Two Interactive Software, ",Communication Services,Electronic Gaming & Multimedia,201.97,0.26,19.6,0.0,37763506176,265.94,187.63,18.3,Buy,0.97,6.7,-4.8,10.67,81.61,-9.04,2.0
TPR,"Tapestry,",Consumer Cyclical,Luxury Goods,113.07,-0.71,15.6,162.0,22545217536,164.8,93.0,28.0,N/A,1.43,8.0,19.1,32.74,571.61,197.13,8.9
TRGP,"Targa Resources,",Energy,Oil & Gas Midstream,275.21,-0.94,26.3,180.0,59014635520,307.94,144.14,80.0,Buy,0.72,16.7,13.5,16.14,515.79,70.84,23.3
TGT,Targetoration,Consumer Defensive,Discount Stores,160.19,1.74,16.6,295.0,72776065024,170.75,83.44,87.9,Hold,0.99,107.7,4.1,4.08,107.58,26.41,100.5
TEL,TE Connectivity plc,Technology,Electronic Components,216.25,-1.07,21.2,143.0,62605783040,252.56,190.27,41.7,Buy,1.16,19.3,15.6,4.73,43.44,23.29,19.2
TDY,Teledyne Technologiesorpora,Technology,Scientific & Technical Instruments,609.6,-0.74,29.4,0.0,28258185216,697.67,483.02,59.0,Buy,0.91,6.4,15.3,2.59,18.57,9.15,21.2
TFX,Teleflexorporated,Healthcare,Medical Instruments & Supplies,125.86,3.1,11.5,111.0,5332989952,145.0,100.18,57.3,N/A,0.81,2.3,-45.8,1.84,101.1,-0.7,-17.3
TER,"Teradyne,",Technology,Semiconductor Equipment & Materials,387.57,-2.71,53.2,13.0,60592988160,487.91,131.75,71.8,Buy,1.78,4.5,25.8,19.3,2.88,36.46,385.8
TSLA,"Tesla,",Consumer Cyclical,Auto Manufacturers,360.19,-3.2,333.5,0.0,1422587199488,498.83,297.38,31.2,Buy,1.84,103.6,3.7,16.38,18.37,4.67,-3.0
TXN,Texas Instrumentsorporated,Technology,Semiconductors,274.84,-1.16,41.7,219.0,250996981760,334.03,152.73,67.4,Buy,1.31,19.5,31.1,13.93,78.04,35.18,51.8
TXT,Textron,Industrials,Aerospace & Defense,77.08,0.64,14.5,10.0,13256321024,101.57,75.51,6.0,N/A,0.9,15.3,6.1,1.65,52.28,12.13,5.2
TMO,Thermo Fisher Scientific,Healthcare,Diagnostics & Research,671.9,-0.46,36.2,28.0,248433213440,682.98,435.27,95.5,Buy,0.85,46.3,15.0,4.72,80.58,13.51,9.4
TJX,"TJX Companies, (The)",Consumer Cyclical,Apparel Retail,130.35,0.23,24.1,148.0,143387115520,170.0,122.78,16.0,N/A,0.59,62.4,9.7,13.85,134.42,62.17,23.6
TSCO,Tractor Supply Company,Consumer Cyclical,Specialty Retail,31.93,-1.04,16.6,297.0,16639416320,58.21,28.36,12.0,Buy,0.47,15.8,6.4,6.36,248.71,39.51,-15.0
TT,Trane Technologies plc,Industrials,Building Products & Equipment,452.36,-0.46,33.7,92.0,99529662464,505.87,348.06,66.1,Buy,1.2,22.2,13.3,11.56,53.4,36.64,7.1
TDG,Transdigm Grouporporated,Industrials,Aerospace & Defense,1105.69,-0.94,33.6,0.0,61118697472,1463.03,1071.25,8.8,Buy,0.89,10.0,21.3,,,,10.9
TRV,"The Travelers Companies,",Financial Services,Insurance - Property & Casualty,363.89,0.23,9.8,138.0,75898372096,398.7,252.26,76.2,Hold,0.45,49.0,17.0,2.29,27.38,26.51,57.1
TRMB,Trimble,Technology,Scientific & Technical Instruments,56.92,-1.61,13.8,0.0,13272596480,84.42,47.92,24.7,Buy,1.36,3.8,-2.8,2.34,28.55,-1.94,11.0
TFC,Truist Financialoration,Financial Services,Banks - Regional,47.16,-1.04,10.8,436.0,57618001920,56.2,40.78,41.4,Hold,0.86,19.0,30.7,0.98,,9.06,36.7
TYL,"Tyler Technologies,",Technology,Software - Application,322.24,-1.02,42.3,0.0,13196460032,531.94,270.71,19.7,Buy,0.83,2.4,13.4,4.34,47.91,9.73,15.5
TSN,"Tyson Foods,",Consumer Defensive,Farm Products,51.18,0.51,31.6,401.0,18005200896,69.48,50.56,3.3,Hold,0.37,55.7,1.0,1.0,44.02,3.26,204.1
USB,U.S. Bancorp,Financial Services,Banks - Regional,58.8,-0.89,11.7,364.0,91613421568,66.08,45.02,65.4,Buy,0.97,27.3,29.9,1.51,,12.62,21.6
UBER,"Uber Technologies,",Technology,Software - Application,68.65,-1.39,15.1,0.0,140221759488,101.295,65.41,9.0,Buy,1.16,55.2,17.3,5.13,51.87,37.16,85.5
UDR,"UDR,",Real Estate,REIT - Residential,33.62,-0.65,21.3,514.0,12350784512,42.0,32.94,7.5,Buy,0.69,1.8,29.6,3.73,156.14,13.74,90.9
ULTA,"Ulta Beauty,",Consumer Cyclical,Specialty Retail,544.25,-0.18,19.8,0.0,23270539264,714.97,443.6,37.1,Buy,0.85,13.0,9.3,8.57,95.47,46.12,13.3
UNP,Union Pacificoration,Industrials,Railroads,273.68,-0.04,22.2,207.0,162586591232,315.99,215.53,57.9,Buy,0.97,25.4,28.8,8.37,150.77,39.7,6.6
UAL,"United Airlines Holdings,",Industrials,Airlines,110.16,-3.36,10.3,0.0,35752976384,138.77,84.64,47.1,Buy,1.27,62.9,5.6,2.14,201.64,23.25,-17.2
UPS,"United Parcel Service,",Industrials,Integrated Freight & Logistics,93.17,-0.85,17.3,698.0,79263064064,122.41,82.0,27.6,Buy,1.04,89.9,5.1,5.26,189.9,29.6,-53.0
URI,"United Rentals,",Industrials,Rental & Leasing Services,1038.67,-0.8,25.0,75.0,64649408512,1179.18,701.59,70.6,Buy,1.79,16.8,15.7,7.02,166.79,28.89,25.5
UNH,UnitedHealth Grouporporated,Healthcare,Healthcare Plans,376.85,0.07,24.2,246.0,338258624512,461.62,255.97,58.8,Buy,0.62,450.5,3.1,3.46,69.21,14.15,61.5
UHS,"Universal Health Services,",Healthcare,Medical Care Facilities,179.44,0.32,7.3,45.0,10575568896,246.33,140.08,37.0,Buy,1.06,18.1,8.4,1.41,68.74,20.95,10.1
VLO,Valero Energyoration,Energy,Oil & Gas Refining & Marketing,387.02,-0.04,16.1,124.0,111433973760,419.04,155.29,87.9,Buy,0.57,132.4,5.4,4.46,40.15,27.64,453.5
VTR,"Ventas,",Real Estate,REIT - Healthcare Facilities,87.21,0.72,158.6,240.0,44734050304,101.6,66.93,58.5,Buy,0.72,6.4,4.1,3.05,84.93,2.01,-6.7
VLTO,Veralto,Industrials,Pollution & Treatment Controls,96.58,-0.57,24.3,54.0,23546779648,107.9,80.03,59.4,Buy,0.76,5.7,17.3,7.62,115.98,34.31,10.1
V,Visa,Financial Services,Credit Services,367.29,-0.02,31.2,73.0,689533812736,385.57,293.89,80.1,Buy,0.76,44.5,50.8,19.46,67.82,61.19,10.2
VST,Vistra,Utilities,Utilities - Independent Power Producers,137.1,-0.98,23.1,66.0,46015586304,217.1,132.66,5.3,Buy,1.41,19.2,11.6,15.32,373.28,42.96,-6.2
VFC,V.F.oration,Consumer Cyclical,Apparel Manufacturing,14.15,0.0,20.5,254.0,5562853888,22.27,12.46,17.2,Hold,1.6,9.5,2.9,1.5,280.72,17.94,-5.2
VICI,VICI Properties,Real Estate,REIT - Diversified,23.32,-0.83,9.0,783.0,25671622656,33.005,23.18,1.4,Buy,0.68,4.1,67.5,0.88,60.28,9.85,-41.4
VRSN,"VeriSign,",Technology,Software - Infrastructure,281.56,-1.98,30.5,113.0,25453023232,312.48,208.86,70.2,Buy,0.7,1.7,49.8,,,,7.7
VRSK,"Verisk Analytics,",Industrials,Consulting Services,168.24,-0.57,25.8,118.0,21897449472,253.35,155.94,12.6,Buy,0.66,3.1,28.2,,,,-3.4
VZ,Verizon Communications,Communication Services,Telecom Services,46.67,-0.86,12.2,601.0,193924136960,51.68,38.39,62.3,Buy,0.24,138.9,11.6,1.87,184.08,15.84,-22.0
VRTX,Vertex Pharmaceuticalsorpor,Healthcare,Biotechnology,528.13,0.37,30.8,0.0,133860319232,560.25,384.39,81.7,Buy,0.32,12.6,35.0,6.61,9.77,23.54,8.0
VTRS,Viatris,Healthcare,Drug Manufacturers - Specialty & Generic,17.88,0.25,6.7,269.0,20531060736,18.39,9.47,94.2,Buy,0.88,14.7,-2.8,1.42,95.53,-2.75,4.9
VICI,VICI Properties,Real Estate,REIT - Diversified,23.32,-0.83,9.0,783.0,25671622656,33.005,23.18,1.4,Buy,0.68,4.1,67.5,0.88,60.28,9.85,-41.4
VMC,Vulcan Materials Company (Holdi,Basic Materials,Building Materials,244.5,-0.2,29.1,85.0,31682000896,331.09,240.69,4.2,Buy,1.05,8.1,13.7,3.74,58.22,13.23,2.7
WRB,W.R. Berkleyoration,Financial Services,Insurance - Property & Casualty,66.97,0.22,13.8,60.0,24861108224,78.96,62.87,25.5,Hold,0.28,14.9,12.9,2.65,31.53,20.21,15.0
GWW,"W.W. Grainger,",Industrials,Industrial Distribution,1250.37,0.59,31.8,80.0,58893606912,1419.91,906.52,67.0,Hold,1.03,18.8,9.9,14.26,61.98,46.09,20.5
WAB,Westinghouse Air Brake Technolo,Industrials,Railroads,288.76,0.26,38.9,43.0,48774696960,306.64,186.06,85.2,Buy,0.92,12.0,10.6,4.35,61.69,11.55,18.9
WBA,WBA,Other,,0.0,0.0,,0.0,0,,,,N/A,,,0.0,,,,0.0
WMT,Walmart,Consumer Defensive,Discount Stores,109.08,1.01,39.5,92.0,868027465728,135.16,98.88,28.1,Buy,0.59,735.8,3.0,8.82,71.65,22.31,-9.1
DIS,Walt Disney Company (The),Communication Services,Entertainment,105.51,-0.6,21.8,141.0,182182739968,117.09,92.19,53.5,Buy,1.41,98.9,8.7,1.66,39.4,8.01,-48.3
WBD,"Warner Bros. Discovery, - ",Communication Services,Entertainment,30.86,0.0,496.0,0.0,77370245120,30.92,17.08,99.6,Hold,1.57,36.1,-8.8,2.36,94.2,-8.79,-90.6
WM,"Waste Management,",Industrials,Waste Management,207.6,0.37,29.4,183.0,82982592512,248.13,194.11,25.0,Buy,0.43,25.7,11.1,8.37,235.3,29.84,8.3
WAT,Watersoration,Healthcare,Diagnostics & Research,435.79,0.52,110.3,0.0,42788413440,436.34,282.77,99.6,Buy,1.19,4.6,3.6,2.82,36.05,1.92,113.4
WEC,"WEC Energy Group,",Utilities,Utilities - Regulated Electric,101.45,0.0,19.7,376.0,33057417216,119.91,100.14,6.6,Buy,0.46,10.1,16.7,,157.99,11.99,19.7
WFC,Wells Fargo & Company,Financial Services,Banks - Diversified,81.65,-1.59,11.9,241.0,246909534208,97.76,72.78,35.5,Buy,0.92,83.0,27.2,1.5,,12.57,25.0
WELL,Welltower,Real Estate,REIT - Healthcare Facilities,233.71,1.01,105.3,147.0,168404893696,255.2,163.75,76.5,Buy,0.76,12.8,12.1,3.62,41.38,3.84,35.6
WST,"West Pharmaceutical Services, I",Healthcare,Medical Instruments & Supplies,372.99,0.69,47.7,24.0,26249453568,386.0,223.83,92.0,Buy,1.14,3.3,17.0,8.78,10.59,19.09,18.1
WDC,Western Digitaloration,Technology,Computer Hardware,439.12,-3.87,16.3,13.0,158318919680,799.87,111.83,47.6,N/A,2.18,12.9,72.9,,13.44,130.85,984.1
WRK,WRK,Other,,0.0,0.0,,0.0,0,,,,N/A,,,0.0,,,,0.0
WY,Weyerhaeuser Company,Real Estate,REIT - Specialty,19.73,-1.42,29.9,420.0,14216517632,27.75,19.61,1.4,N/A,0.89,6.9,6.9,1.51,57.62,4.97,87.1
WHR,Whirlpooloration,Consumer Cyclical,"Furnishings, Fixtures & Appliances",31.85,0.44,10.5,990.0,2076600192,94.82,30.3,2.4,Hold,1.15,14.9,1.3,0.55,205.43,5.93,-1.1
WMB,"Williams Companies, (The)",Energy,Oil & Gas Midstream,68.95,-0.45,27.5,303.0,84337393664,80.08,56.19,53.4,Buy,0.62,12.3,24.9,6.41,200.37,21.5,51.2
WTW,Willis Towers Watson Public Lim,Financial Services,Insurance Brokers,291.23,-0.94,18.0,131.0,27047094272,352.79,240.61,45.1,Buy,0.42,10.1,15.5,3.52,91.39,19.76,-26.8
WYNN,"Wynn Resorts, Limited",Consumer Cyclical,Resorts & Casinos,80.5,-0.76,19.3,123.0,8289912320,134.72,77.06,6.0,Buy,0.99,7.4,6.1,,,,106.1
XEL,Xcel Energy,Utilities,Utilities - Regulated Electric,69.26,-0.78,19.0,340.0,43259109376,84.23,68.72,3.5,Buy,0.4,14.6,15.3,1.8,173.13,9.92,24.0
XYL,Xylem,Industrials,Specialty Industrial Machinery,101.91,-0.7,24.3,168.0,23794642944,154.27,101.65,0.5,Buy,1.0,9.1,11.2,2.16,28.64,9.18,19.5
YUM,"Yum! Brands,",Consumer Cyclical,Restaurants,138.57,-0.04,17.5,216.0,37817266176,170.14,134.26,12.0,Buy,0.55,8.7,25.4,,,,131.6
ZBRA,Zebra Technologiesoration,Technology,Communication Equipment,364.94,-1.38,33.4,0.0,17265551360,386.23,199.05,88.6,Buy,1.61,5.8,9.2,5.03,86.23,15.29,121.5
ZBH,"Zimmer Biomet Holdings,",Healthcare,Medical Devices,91.09,0.05,22.1,105.0,17374296064,106.88,79.12,43.1,Buy,0.47,8.5,9.5,1.38,60.17,6.41,33.8
ZTS,Zoetis,Healthcare,Drug Manufacturers - Specialty & Generic,70.74,-0.44,11.5,298.0,29231437824,148.79,69.52,1.5,Buy,0.73,9.5,27.7,,294.0,64.91,1.2
